server	server_backend	reference_client	session	microblock_id	trial_id	fin_completed	fin_rate	reset_stream_completed	reset_stream_rate	stop_sending_completed	stop_sending_rate	connection_close_completed	connection_close_rate	aggregate_geometric_mean_rate	status
quiczigperf	iouring	ngtcp2perf	1	0c634f93982db197255685f08f858f0df9996eb1fba646a8629298ddfdde86a4	738b3bdf5234d84326c6d164fb903958b5e939e0c0641c33a7182c40c99cc908	2352	1176	2352	1176	2352	1176	2360	1180	1176.9987270146671373999865709536895383580241020254	valid
mvfstperf	iouring	ngtcp2perf	1	0c634f93982db197255685f08f858f0df9996eb1fba646a8629298ddfdde86a4	71b7f39ce38cc2d5ebafac2713935e98989e13e821859369a7af8f374fa6d7d1	432	216	432	216	448	224	432	216	217.9728074905265544148554565305520904761958923096	valid
noqperf	iouring	ngtcp2perf	1	0c634f93982db197255685f08f858f0df9996eb1fba646a8629298ddfdde86a4	fb0a4a1d99a262f821316fa4c16c7a3b652d5da029757d4a39bfe4990ad962cb	272	136	256	128	256	128	272	136	131.93938001976513759428511539117046480471037521196	valid
ngtcp2perf	iouring	ngtcp2perf	1	0c634f93982db197255685f08f858f0df9996eb1fba646a8629298ddfdde86a4	c1bef1667484287bb54452445ea4258b86a751cc5466a592f439afbcd115d657	3600	1800	3600	1800	3606	1803	3616	1808	1802.7470384161030056007156441578300959021957920538	valid
neqoperf	iouring	ngtcp2perf	1	0c634f93982db197255685f08f858f0df9996eb1fba646a8629298ddfdde86a4	16b41d8cec787c98e4f96f4fe9a1128736c359869fde624e5946d3e56a9c688e	1296	648	1280	640	1280	640	1280	640	641.9906927773651430431037503283020189325137839864	valid
lsperf	iouring	ngtcp2perf	1	0c634f93982db197255685f08f858f0df9996eb1fba646a8629298ddfdde86a4	65e38d4611266ae4680a06b34426deff5751e2d1f311d1c8435c2b072d7f9725	5220	2610	5224	2612	5227	2613.5	5228	2614	2612.3745363665304097780813188122575068289852891358	valid
s2nperf	iouring	ngtcp2perf	1	0c634f93982db197255685f08f858f0df9996eb1fba646a8629298ddfdde86a4	332b33bf5c6c00bab281dfe24a41fef60fd4a0c21ebfa725c5d3968f65cb5ef5	2316	1158	2304	1152	2304	1152	2320	1160	1155.494484201353598118862819588435940255522531586	valid
tquicperf	iouring	ngtcp2perf	1	0c634f93982db197255685f08f858f0df9996eb1fba646a8629298ddfdde86a4	313013070b6a94483c9c07aeb597601d6ca8f54bbb562a40cd18ad6cc1e5c4d7	2432	1216	2440	1220	2448	1224	2448	1224	1220.995491452130001269949223854193950118471015366	valid
quinnperf	iouring	ngtcp2perf	1	0c634f93982db197255685f08f858f0df9996eb1fba646a8629298ddfdde86a4	b248eaa94b383d8ee82703ad96f5617ea5fc2ebf429c74910a4fef8aa5e887d6	416	208	416	208	416	208	416	208	208	valid
quicheperf	iouring	ngtcp2perf	1	0c634f93982db197255685f08f858f0df9996eb1fba646a8629298ddfdde86a4	92d2557c93c299ff8bf4fa96e5a621437caa7dca19c4019c3f85b9ddb53afa34	3148	1574	3136	1568	3136	1568	3136	1568	1569.497852368444016116344720997761852053965965309	valid
xquicperf	iouring	ngtcp2perf	1	0c634f93982db197255685f08f858f0df9996eb1fba646a8629298ddfdde86a4	85b9c99af79f08c87d779ecae65e5285f6f9999f23a4ab659f51a5e10cd71f7e	336	168	332	166	336	168	336	168	167.49775222813902170948262842406082079196557729884	valid
picoperf	iouring	ngtcp2perf	1	0c634f93982db197255685f08f858f0df9996eb1fba646a8629298ddfdde86a4	cba8dae404aa059cb3a838282f72b9451f1079302f87188bea678c5a2e4e881b	3344	1672	3344	1672	3351	1675.5	3360	1680	1674.8717793980495384932405372654657008416608138442	valid
picoperf	iouring	picoperf	1	ad8d129087fc5263e3d358c076fc0c5479c42124a2c4008194379c9f68be4065	170c4611c3c03e25763e2001477f669ce89f4b70f207476ef726120f18feb0ad	4460	2230	4460	2230	4453	2226.5	4452	2226	2228.1242040553665989526101031404478042062663269695	valid
xquicperf	iouring	picoperf	1	ad8d129087fc5263e3d358c076fc0c5479c42124a2c4008194379c9f68be4065	351149592b70980feda98e54c623290348311631f611761d8bbe66ab6fbbdd88	368	184	368	184	383	191.5	368	184	185.84700293619266642549400600828100591617483559437	valid
quicheperf	iouring	picoperf	1	ad8d129087fc5263e3d358c076fc0c5479c42124a2c4008194379c9f68be4065	480d1299fb8a42dde593b7d9f547882cca2fdc191b9628757dce72936ddadb44	3616	1808	3616	1808	3616	1808	3632	1816	1809.9966899556251619133621555568490243401406016454	valid
quinnperf	iouring	picoperf	1	ad8d129087fc5263e3d358c076fc0c5479c42124a2c4008194379c9f68be4065	b4cf44435a5bba358cc45addbead85415d356fe85e4d7051ac6253340a40523a	437	218.5	448	224	448	224	448	224	222.61215511185592457281351664685195013000181382792	valid
tquicperf	iouring	picoperf	1	ad8d129087fc5263e3d358c076fc0c5479c42124a2c4008194379c9f68be4065	f30c48fcb5c5ab042a7f30c06b14e6ce101691e115b0724d6be4b93c9b89cc8b	2592	1296	2592	1296	2592	1296	2605	1302.5	1297.6219526320082034032760084319942309028124497994	valid
s2nperf	iouring	picoperf	1	ad8d129087fc5263e3d358c076fc0c5479c42124a2c4008194379c9f68be4065	a9a35ff9559c89c6cc648a59bc969836e75e2397183a2b19f8a9dd6b560a746f	2624	1312	2624	1312	2624	1312	2620	1310	1311.499713922400732889354583133592032488704819283	valid
lsperf	iouring	picoperf	1	ad8d129087fc5263e3d358c076fc0c5479c42124a2c4008194379c9f68be4065	8047f7d4cb287fe47e2c1677fa19fd148f60036f29d2e9d8e703298b5e6ba0d2	5360	2680	5360	2680	5360	2680	5360	2680	2680	valid
neqoperf	iouring	picoperf	1	ad8d129087fc5263e3d358c076fc0c5479c42124a2c4008194379c9f68be4065	4b29991a566e7860e7d98d80d219cce38d77f1a1c68c46c2349f04d75a4b50e1	1360	680	1360	680	1360	680	1372	686	681.4950621568213682243437997159703642151430806019	valid
ngtcp2perf	iouring	picoperf	1	ad8d129087fc5263e3d358c076fc0c5479c42124a2c4008194379c9f68be4065	5188276f3ece754de10ea287f418385747df86fa273ad0ffce6a089b53ea5281	4120	2060	4112	2056	4112	2056	4112	2056	2056.9992712548934787355957100342233259485374352938	valid
noqperf	iouring	picoperf	1	ad8d129087fc5263e3d358c076fc0c5479c42124a2c4008194379c9f68be4065	4e21d3437f7163d77b83589ebe55e386536c0ae3ff680acfc6e9f80227f972bc	304	152	288	144	288	144	288	144	145.95963412622266028747545674257594497067057712425	valid
mvfstperf	iouring	picoperf	1	ad8d129087fc5263e3d358c076fc0c5479c42124a2c4008194379c9f68be4065	2cc47529286604240a7b9e5dd1df0019452d0ca8023fcb65e4a63a0038480114	464	232	464	232	480	240	464	232	233.97464612288603074109284682800515341725242509158	valid
quiczigperf	iouring	picoperf	1	ad8d129087fc5263e3d358c076fc0c5479c42124a2c4008194379c9f68be4065	1daef10adf5fc87c1de6dc284464bad9ff11292a896c3514e14dbdfa233b0d20	2944	1472	2944	1472	2953	1476.5	2960	1480	1475.1211730646226142260936288438537763992961733984	valid
xquicperf	iouring	ngtcp2perf	1	3542f0e8bd5c8a62ca02de64ed4f8e69eefaca5caa175e6667c657f0e724b1eb	0215e34288e2cd89257b19776fc996be72ad0321b585f81703ac304c02569edb	336	168	331	165.5	336	168	336	168	167.37148168817556558373442260108410755567059216348	valid
quinnperf	iouring	ngtcp2perf	1	3542f0e8bd5c8a62ca02de64ed4f8e69eefaca5caa175e6667c657f0e724b1eb	30fdef141a11fe2200b193b325fc31901933c025e2deb541a4f8b9d95250ced6	416	208	416	208	416	208	400	200	205.9704890344535978274241369204489798183659492442	valid
picoperf	iouring	ngtcp2perf	1	3542f0e8bd5c8a62ca02de64ed4f8e69eefaca5caa175e6667c657f0e724b1eb	4130eea55ceaa688f6383fc607c617a412cbd4772809155276ba201bede459bd	3344	1672	3344	1672	3352	1676	3354	1677	1674.2484508983478994757298105605361524502810050618	valid
s2nperf	iouring	ngtcp2perf	1	3542f0e8bd5c8a62ca02de64ed4f8e69eefaca5caa175e6667c657f0e724b1eb	c92df6fc216b2fa5bb69273d03a247e381c7360aca6297c4edc8d4b64832e58c	2320	1160	2320	1160	2320	1160	2336	1168	1161.994848296614397903162435321881771789735251014	valid
quicheperf	iouring	ngtcp2perf	1	3542f0e8bd5c8a62ca02de64ed4f8e69eefaca5caa175e6667c657f0e724b1eb	ca431b1a41e3a96db4a4e7163be67b1684618c3d2242ad4ea61ec2c206dd5626	3136	1568	3136	1568	3136	1568	3136	1568	1568	valid
neqoperf	iouring	ngtcp2perf	1	3542f0e8bd5c8a62ca02de64ed4f8e69eefaca5caa175e6667c657f0e724b1eb	0d7fa5768cbd6beadab7dc1737b2a4d2bb9a67d67e11faee782e18b1dc2ea5f9	1296	648	1284	642	1280	640	1280	640	642.4916613152048154247538352502220785168962894934	valid
tquicperf	iouring	ngtcp2perf	1	3542f0e8bd5c8a62ca02de64ed4f8e69eefaca5caa175e6667c657f0e724b1eb	3de362d2fe4af46bcc236bb860957c12134f76e08ff201c3f11f6d12dc852b80	2480	1240	2480	1240	2480	1240	2488	1244	1240.9987925938193513664957672906670341252444830653	valid
noqperf	iouring	ngtcp2perf	1	3542f0e8bd5c8a62ca02de64ed4f8e69eefaca5caa175e6667c657f0e724b1eb	3fc24781dab9f1447e48e86be17ab9d4e59f017797976d7f78685a0ccb951404	272	136	272	136	256	128	272	136	133.9543044574830328092035414737117339714872274381	valid
lsperf	iouring	ngtcp2perf	1	3542f0e8bd5c8a62ca02de64ed4f8e69eefaca5caa175e6667c657f0e724b1eb	a058dc1d2bece74862794cb8d78c6b92152a1c6f0aaf12e5e68d26e3fa5dfc02	5160	2580	5156	2578	5152	2576	5156	2578	2577.9996121023174178062104883623566150455527927318	valid
quiczigperf	iouring	ngtcp2perf	1	3542f0e8bd5c8a62ca02de64ed4f8e69eefaca5caa175e6667c657f0e724b1eb	6566da82326f7c7be983394312cb49b226abf091c5cf9a1c6eb29b87f534d00c	2368	1184	2379	1189.5	2384	1192	2384	1192	1189.3705066198805887055464053872401429272941143858	valid
ngtcp2perf	iouring	ngtcp2perf	1	3542f0e8bd5c8a62ca02de64ed4f8e69eefaca5caa175e6667c657f0e724b1eb	9f5b18d287ef1f7dfbb71637a331a14505a38e17b57bd320fa3a610a63a4da7b	3600	1800	3600	1800	3610	1805	3616	1808	1803.2467604428655770698059540021578377530819414418	valid
mvfstperf	iouring	ngtcp2perf	1	3542f0e8bd5c8a62ca02de64ed4f8e69eefaca5caa175e6667c657f0e724b1eb	69198c17e5f168da6f24be5d400daee96b340542c5ee48bce42b0e73f743b600	416	208	432	216	432	216	432	216	213.97160636646059001118922635278965838201550809884	valid
quinnperf	iouring	picoperf	1	45d8f52412cfe5cb751abc027c02089675ffa4b6ab13a51937f3900245ed6bde	78b78fae902f87ace26b2d6cbd8539ececfe3466b88c42827577991d28a7fe27	437	218.5	448	224	448	224	442	221	221.86302899324754865479261192567196067428007457757	valid
s2nperf	iouring	picoperf	1	45d8f52412cfe5cb751abc027c02089675ffa4b6ab13a51937f3900245ed6bde	b214e6fdc5550f8d818a52ba8de386b841f0fe47f3bfa81090f8ee7f7d5ff8dd	2628	1314	2632	1316	2624	1312	2626	1313	1313.7491677304441296322514231057167657846013994764	valid
xquicperf	iouring	picoperf	1	45d8f52412cfe5cb751abc027c02089675ffa4b6ab13a51937f3900245ed6bde	8cbf47d7e5b686e1432975b9c3d4c85d427a25475cb7248651b5efc8349558f0	368	184	368	184	384	192	368	184	185.96819439474544419195498836509678883339136488282	valid
neqoperf	iouring	picoperf	1	45d8f52412cfe5cb751abc027c02089675ffa4b6ab13a51937f3900245ed6bde	89dd061893b92063819bfeeea29a264fcb4874dfb4f8f0cc815371b41a9d8a47	1360	680	1360	680	1344	672	1359	679.5	677.86645032323843324479387085005803713262082508505	valid
picoperf	iouring	picoperf	1	45d8f52412cfe5cb751abc027c02089675ffa4b6ab13a51937f3900245ed6bde	569d20d823368ef371e5971cf50dcd6719cf31f1687b2bd7ccb68645020e9e63	4496	2248	4496	2248	4498	2249	4512	2256	2250.2475168818016829757026357328538456758070827624	valid
noqperf	iouring	picoperf	1	45d8f52412cfe5cb751abc027c02089675ffa4b6ab13a51937f3900245ed6bde	de6695d1ff110f1011e9226937e7c713aa6fda3477cfeae492a9e342a768f53b	304	152	288	144	288	144	288	144	145.95963412622266028747545674257594497067057712425	valid
quicheperf	iouring	picoperf	1	45d8f52412cfe5cb751abc027c02089675ffa4b6ab13a51937f3900245ed6bde	2493b1d86a635268df2aca7bad823b0bdbe8da7287417c317ca47d48f5f666af	3632	1816	3632	1816	3616	1808	3632	1816	1813.9966875190781753851475158088386076113626980938	valid
quiczigperf	iouring	picoperf	1	45d8f52412cfe5cb751abc027c02089675ffa4b6ab13a51937f3900245ed6bde	eac290fd96cef7a43d3301a6166fd22856753469c24b4dbc4d8faaca05f31e8a	2977	1488.5	2977	1488.5	2991	1495.5	2991	1495.5	1491.995894766470193587718895673316350246483722502	valid
tquicperf	iouring	picoperf	1	45d8f52412cfe5cb751abc027c02089675ffa4b6ab13a51937f3900245ed6bde	3fdf6cda2bae3bec2f8706081d83f2529ab8d6cc58f209e2dee9f2165bc4fd27	2576	1288	2576	1288	2589	1294.5	2592	1296	1291.6198048668339781609222562977139597795631811596	valid
mvfstperf	iouring	picoperf	1	45d8f52412cfe5cb751abc027c02089675ffa4b6ab13a51937f3900245ed6bde	aa244567ef12a8db7e03a24759bd8968b1577706b66d36d92f93800feb6e50b9	480	240	464	232	464	232	480	240	235.96609926004201334950693763245807534205410677802	valid
lsperf	iouring	picoperf	1	45d8f52412cfe5cb751abc027c02089675ffa4b6ab13a51937f3900245ed6bde	bd240472db0bffa9950c479cdeac03185edf5df0e54f0709bb271b0f1afc679a	5360	2680	5360	2680	5348	2674	5344	2672	2676.4976179123702446297519357188976591799189519058	valid
ngtcp2perf	iouring	picoperf	1	45d8f52412cfe5cb751abc027c02089675ffa4b6ab13a51937f3900245ed6bde	3dad949dcfe95a79eef96963c8899e46ce011314ef804856b264beb7c201f3b4	4112	2056	4112	2056	4115	2057.5	4128	2064	2058.3723499211534087412269696593691767725836589634	valid
neqoperf	iouring	ngtcp2perf	1	73facfdcf9cf6210889628da658eded2b7595f20a3d82be5b1f560f16efab704	2196902a41c436df928189d66b4ace7344028f2c9ad37a6c6ba62c1cf711140a	1293	646.5	1280	640	1280	640	1280	640	641.61884744746390733374619662797123350445753953915	valid
noqperf	iouring	ngtcp2perf	1	73facfdcf9cf6210889628da658eded2b7595f20a3d82be5b1f560f16efab704	e1be2ea81cf0e06cdfdee0e243ea72a58464103362807e1cd64e41e37e8f0530	272	136	256	128	256	128	272	136	131.93938001976513759428511539117046480471037521196	valid
s2nperf	iouring	ngtcp2perf	1	73facfdcf9cf6210889628da658eded2b7595f20a3d82be5b1f560f16efab704	da4e2cf48ca981c2c7fb541a90745477ae0219b65855bb38a4598cc714c28602	2320	1160	2320	1160	2320	1160	2327	1163.5	1160.8740117065797793321512179433476840922750188046	valid
quiczigperf	iouring	ngtcp2perf	1	73facfdcf9cf6210889628da658eded2b7595f20a3d82be5b1f560f16efab704	3c090ba6fac5a7274e8320f3685d486ce3f3827e56bb2904d5ea17c2232b6328	2352	1176	2352	1176	2368	1184	2368	1184	1179.9932203195067510209573221327627573957424738892	valid
quinnperf	iouring	ngtcp2perf	1	73facfdcf9cf6210889628da658eded2b7595f20a3d82be5b1f560f16efab704	37316574791461d3e6695341ff81a9c9f47090daeac80fd24191d139897605fd	416	208	416	208	416	208	416	208	208	valid
mvfstperf	iouring	ngtcp2perf	1	73facfdcf9cf6210889628da658eded2b7595f20a3d82be5b1f560f16efab704	4f44037cd8988f410adf4237e725fa68bce4c4e8c3bdba990d2442df5eaab9c5	432	216	427	213.5	432	216	432	216	215.37226886464548497955874431243085112950824952933	valid
xquicperf	iouring	ngtcp2perf	1	73facfdcf9cf6210889628da658eded2b7595f20a3d82be5b1f560f16efab704	0753f863c2efd58b746d4caa47dd2f55c48a2eb04d6ffc5a51066243c6616e03	336	168	331	165.5	336	168	336	168	167.37148168817556558373442260108410755567059216348	valid
ngtcp2perf	iouring	ngtcp2perf	1	73facfdcf9cf6210889628da658eded2b7595f20a3d82be5b1f560f16efab704	67c2e1d9318637a232df453b9686bdb03ffd59df585556b34c06b148f85bdd9f	3600	1800	3600	1800	3612	1806	3600	1800	1801.4981286374991312283965375659511819202414679017	valid
picoperf	iouring	ngtcp2perf	1	73facfdcf9cf6210889628da658eded2b7595f20a3d82be5b1f560f16efab704	d063a2843446c6b7ccc661c39399c5f5011027bf02c035bba0f9737416c2acda	3316	1658	3316	1658	3320	1660	3320	1660	1658.9996986135952881962190755936469301158193930738	valid
lsperf	iouring	ngtcp2perf	1	73facfdcf9cf6210889628da658eded2b7595f20a3d82be5b1f560f16efab704	8ae15cb82a42269393b58a4ca1f606549df35294f183b61b5420472cde9e171e	5109	2554.5	5104	2552	5108	2554	5108	2554	2553.6248194518446615136483121499262169242291467774	valid
quicheperf	iouring	ngtcp2perf	1	73facfdcf9cf6210889628da658eded2b7595f20a3d82be5b1f560f16efab704	b309c2fd4df6c4a5f832a2b65ed23a32954ce8939f20a3f99a6345a7631eb79b	3152	1576	3136	1568	3136	1568	3136	1568	1569.9961848180771124868083019686198598345989272838	valid
tquicperf	iouring	ngtcp2perf	1	73facfdcf9cf6210889628da658eded2b7595f20a3d82be5b1f560f16efab704	ad3f0cb4d7d0db62ab9d5e6fedd829c584e49d16e54c89c083d5ca7c6eacc035	2448	1224	2448	1224	2454	1227	2464	1232	1226.7456496666471678521768081448583395219506761748	valid
quicheperf	iouring	picoperf	1	9d176b2cea1422649e9f3d820f08e626cef539c7bd18c51d15230ad66f52a68a	b2a6cd38bf042287f25bdaf588dc4b81fd4a904bbfbe0155d632885db9c0683d	3632	1816	3632	1816	3632	1816	3645	1822.5	1817.6228234098749240639613562061397150891360875144	valid
picoperf	iouring	picoperf	1	9d176b2cea1422649e9f3d820f08e626cef539c7bd18c51d15230ad66f52a68a	d7a41601c9ea5442679e1a76fae94bfb5d4f189713b5f22c79dd6ee90b24265c	4476	2238	4476	2238	4468	2234	4468	2234	2235.9991055454382716987932541605899680894676589932	valid
tquicperf	iouring	picoperf	1	9d176b2cea1422649e9f3d820f08e626cef539c7bd18c51d15230ad66f52a68a	6a7edcd52bb3ee7a77c2547096e293a687751d58d9f48d6f255264a471437731	2592	1296	2592	1296	2592	1296	2592	1296	1296	valid
xquicperf	iouring	picoperf	1	9d176b2cea1422649e9f3d820f08e626cef539c7bd18c51d15230ad66f52a68a	08117d7afe650b00b09ce0c45ac65b7addfc77970ccc76e74c7511873793a3cc	368	184	368	184	384	192	368	184	185.96819439474544419195498836509678883339136488282	valid
lsperf	iouring	picoperf	1	9d176b2cea1422649e9f3d820f08e626cef539c7bd18c51d15230ad66f52a68a	5387a47d840c660abb1f9537c91ce9e432470428965accbcf3dee936555463e1	5344	2672	5329	2664.5	5328	2664	5328	2664	2666.12283661986184731030495036041227628603261565	valid
quinnperf	iouring	picoperf	1	9d176b2cea1422649e9f3d820f08e626cef539c7bd18c51d15230ad66f52a68a	56e429c519378f212ebb3302cceb5c1612120d4189851bed70634a2a57e73bf4	445	222.5	448	224	448	224	448	224	223.62405461925369397476415209084058783316539944894	valid
ngtcp2perf	iouring	picoperf	1	9d176b2cea1422649e9f3d820f08e626cef539c7bd18c51d15230ad66f52a68a	03f9629511b5d57bce3174056e90a935be695a04b25bc3e8c423dbf762a3bf24	4112	2056	4112	2056	4122	2061	4127	2063.5	2059.1224395643984379756037585444923300712096197926	valid
s2nperf	iouring	picoperf	1	9d176b2cea1422649e9f3d820f08e626cef539c7bd18c51d15230ad66f52a68a	7c3764cc5048a1cdb0bbc77cc7db34ac482388a87096734215fb99e6d5dd9c48	2635	1317.5	2632	1316	2628	1314	2625	1312.5	1314.9986216715238797601782321247417993768081861501	valid
mvfstperf	iouring	picoperf	1	9d176b2cea1422649e9f3d820f08e626cef539c7bd18c51d15230ad66f52a68a	55bcb59b305364e077b10f4c4d415b653cd46ce83a9408a18dfafc4217d9203f	464	232	464	232	464	232	480	240	233.97464612288603074109284682800515341725242509158	valid
neqoperf	iouring	picoperf	1	9d176b2cea1422649e9f3d820f08e626cef539c7bd18c51d15230ad66f52a68a	fa2eac0c9891f52199d75d5c980195afde3643528440b66589c6434e96046852	1360	680	1360	680	1360	680	1376	688	681.99123653873107355892083394329829250402421653505	valid
quiczigperf	iouring	picoperf	1	9d176b2cea1422649e9f3d820f08e626cef539c7bd18c51d15230ad66f52a68a	b3e3192665fe4e91469c30f4190467962ec382ca46da843ce148d43e265bbbf0	3008	1504	3008	1504	3008	1504	3008	1504	1504	valid
noqperf	iouring	picoperf	1	9d176b2cea1422649e9f3d820f08e626cef539c7bd18c51d15230ad66f52a68a	8efa09c17c01e9455a86437b9b19a31f55ac04d2fc9911f1ac18d258df62900a	304	152	295	147.5	288	144	288	144	146.83857056594497143950539102730599432396094830276	valid
lsperf	iouring	ngtcp2perf	1	9480ee62a3fe32922a75fdfe2b2d93788a4b6e7d5d80857b691f9dac58b664ff	69d40832e5019744d7fea3a714a30cbec13a7bd80cc55a278fd788ec303afe55	5112	2556	5111	2555.5	5108	2554	5108	2554	2554.8748440523261282932613018596187196129099005005	valid
tquicperf	iouring	ngtcp2perf	1	9480ee62a3fe32922a75fdfe2b2d93788a4b6e7d5d80857b691f9dac58b664ff	15380831c9ab35a7842e1c0a717eca30c28f473b5764a5954038dd48703cf919	2480	1240	2476	1238	2467	1233.5	2468	1234	1236.3719993333697955217656869763733857706086126803	valid
ngtcp2perf	iouring	ngtcp2perf	1	9480ee62a3fe32922a75fdfe2b2d93788a4b6e7d5d80857b691f9dac58b664ff	cda5e521a0e00340d5fcde0c9f50000c648b9ff4241cfb659670f284f8e2e574	3600	1800	3600	1800	3606	1803	3616	1808	1802.7470384161030056007156441578300959021957920538	valid
quicheperf	iouring	ngtcp2perf	1	9480ee62a3fe32922a75fdfe2b2d93788a4b6e7d5d80857b691f9dac58b664ff	9150ca27acb5a5b2980de6bcb24f91298f1d5997ddb86201e1d2ff8c175ae35d	3136	1568	3136	1568	3136	1568	3136	1568	1568	valid
mvfstperf	iouring	ngtcp2perf	1	9480ee62a3fe32922a75fdfe2b2d93788a4b6e7d5d80857b691f9dac58b664ff	bc7cbdd23a6daa989dd5abde61ae2062d2018256ad2413be90efe29f6d33f134	416	208	432	216	432	216	422	211	212.72244846418914958940186211283131619077121287188	valid
picoperf	iouring	ngtcp2perf	1	9480ee62a3fe32922a75fdfe2b2d93788a4b6e7d5d80857b691f9dac58b664ff	9a5d677fe00808203182fafdb2f512ec8287657c763f9661b0002914a09f9201	3344	1672	3344	1672	3345	1672.5	3356	1678	1673.6230836371481186763533839198571368365605997708	valid
quiczigperf	iouring	ngtcp2perf	1	9480ee62a3fe32922a75fdfe2b2d93788a4b6e7d5d80857b691f9dac58b664ff	47c3fcb5f745f60570dc963e3afe2fa777f0c081dc24e6d6d7f299521fc400bc	2416	1208	2416	1208	2416	1208	2414	1207	1207.7499223548866803923743042701590414829459993866	valid
xquicperf	iouring	ngtcp2perf	1	9480ee62a3fe32922a75fdfe2b2d93788a4b6e7d5d80857b691f9dac58b664ff	6105b9353adb849fa265b3775a1e37a321363c3ea27ee0b283db1f768a86bc51	336	168	331	165.5	336	168	336	168	167.37148168817556558373442260108410755567059216348	valid
noqperf	iouring	ngtcp2perf	1	9480ee62a3fe32922a75fdfe2b2d93788a4b6e7d5d80857b691f9dac58b664ff	2845a4386c81e94ed516a7c614e583637b255babe484083a20e4817fc079b39f	272	136	272	136	256	128	263	131.5	132.83220587405306653761893122493496747951418927386	valid
quinnperf	iouring	ngtcp2perf	1	9480ee62a3fe32922a75fdfe2b2d93788a4b6e7d5d80857b691f9dac58b664ff	1ef6aa1f7d78488daae230fd08fc1ff24385d65b27c788a37267b670b2e8cb92	416	208	414	207	400	200	400	200	203.71519216272849774097105273921174368303257893818	valid
neqoperf	iouring	ngtcp2perf	1	9480ee62a3fe32922a75fdfe2b2d93788a4b6e7d5d80857b691f9dac58b664ff	705fff896de4ae5b25d21565d2b2b2ab923cfd8091f015f6d167edb2fff6390e	1280	640	1280	640	1280	640	1280	640	640	valid
s2nperf	iouring	ngtcp2perf	1	9480ee62a3fe32922a75fdfe2b2d93788a4b6e7d5d80857b691f9dac58b664ff	b278836a828d951b6be860bdc2d49f20240bd8c502d240934f4d63158b411ad9	2320	1160	2320	1160	2320	1160	2336	1168	1161.994848296614397903162435321881771789735251014	valid
ngtcp2perf	iouring	picoperf	1	454a50fa8e1221a4d2b0aa371088dfeb4d0f00f2305e19bed096f40e896a7e5e	aee63db6ab64d871976fe9952501a76ebbe9d2333f0142a4085224d9a41e612f	4112	2056	4112	2056	4117	2058.5	4128	2064	2058.6224103460932061689824438246906807809726438731	valid
lsperf	iouring	picoperf	1	454a50fa8e1221a4d2b0aa371088dfeb4d0f00f2305e19bed096f40e896a7e5e	adbc245e0ff65856c4c4684192f3ce8eb00ed0eebd08411156d97828dcdb8863	5344	2672	5344	2672	5344	2672	5344	2672	2672	valid
mvfstperf	iouring	picoperf	1	454a50fa8e1221a4d2b0aa371088dfeb4d0f00f2305e19bed096f40e896a7e5e	32fd18c9a1c45692a405eefa7d4dc17d8faae6c4b333c2a794cded459e5d60e6	464	232	464	232	464	232	464	232	232	valid
tquicperf	iouring	picoperf	1	454a50fa8e1221a4d2b0aa371088dfeb4d0f00f2305e19bed096f40e896a7e5e	582ffe05a19e28cd848df7627686aea44909355013c8877f8134e615d0f7bcd8	2592	1296	2592	1296	2592	1296	2602	1301	1297.2481956101026773841205150995845209194505695741	valid
quiczigperf	iouring	picoperf	1	454a50fa8e1221a4d2b0aa371088dfeb4d0f00f2305e19bed096f40e896a7e5e	a4a674ee9a565e7674a57a353e6b6459a684ffd533df7f33a5153d15135b21e1	3040	1520	3040	1520	3040	1520	3025	1512.5	1518.1215206133812921728400139084291504268903297668	valid
quicheperf	iouring	picoperf	1	454a50fa8e1221a4d2b0aa371088dfeb4d0f00f2305e19bed096f40e896a7e5e	bd8f65020361a7c4b5324284b05a8ce3d8ae49387aec76af5fa50d41345cf5ec	3632	1816	3616	1808	3616	1808	3632	1816	1811.9955849835837831248718268327096274347024401683	valid
noqperf	iouring	picoperf	1	454a50fa8e1221a4d2b0aa371088dfeb4d0f00f2305e19bed096f40e896a7e5e	37414617eba54c44010019da7f080ff44fc01e4e6a1d3061a4e87122eb5e79ea	300	150	288	144	288	144	288	144	145.47711633671688492589540272182813598141893323302	valid
picoperf	iouring	picoperf	1	454a50fa8e1221a4d2b0aa371088dfeb4d0f00f2305e19bed096f40e896a7e5e	a5cfe418eff7967f3c8510c591ae1d55a0eaedfac2b2febf6fad97109901e537	4501	2250.5	4496	2248	4512	2256	4512	2256	2252.6222977688487727480067371223002839781728526057	valid
neqoperf	iouring	picoperf	1	454a50fa8e1221a4d2b0aa371088dfeb4d0f00f2305e19bed096f40e896a7e5e	677a05ad0ab1e475e9da42912f8fb04ec6c191f1f38d43c28dbec46504b5a7b7	1360	680	1360	680	1348	674	1360	680	678.4950110626422037663507233085143167858637978003	valid
xquicperf	iouring	picoperf	1	454a50fa8e1221a4d2b0aa371088dfeb4d0f00f2305e19bed096f40e896a7e5e	322665e7bf5f67deb26dc09c7e3bafe19b15c4ffe6535dbf6e0e07e957c60993	368	184	368	184	376	188	368	184	184.99194968480250286302668085089961428906835982986	valid
s2nperf	iouring	picoperf	1	454a50fa8e1221a4d2b0aa371088dfeb4d0f00f2305e19bed096f40e896a7e5e	f24a4cbfa6fd214966bee7a9bada752fcddfe7048f0c677b6d10b3e7677ae4db	2644	1322	2644	1322	2644	1322	2640	1320	1321.4997160882885254771482782295952840363034240482	valid
quinnperf	iouring	picoperf	1	454a50fa8e1221a4d2b0aa371088dfeb4d0f00f2305e19bed096f40e896a7e5e	5a7c5172c173400cd9636cfb4da537db5ec94fab05b7452dcabc113b04289e99	440	220	448	224	448	224	448	224	222.99323294897000726141122045609802962872933023179	valid
noqperf	iouring	ngtcp2perf	1	5d3902abb27133b92487551eba12a5571781d0fce9fe26fa2852b4d22eb6724e	a0e42f9f03bfc96473766e46ba19edfa7d3f38f37fbdbcefc949230106befd55	264	132	256	128	256	128	272	136	130.95835004241191019527150196140462746663444906258	valid
quiczigperf	iouring	ngtcp2perf	1	5d3902abb27133b92487551eba12a5571781d0fce9fe26fa2852b4d22eb6724e	d0070383d56b258ebfedb7bd2796a7d0f2b29b3905158d0121a6a52695fd9988	2416	1208	2416	1208	2416	1208	2416	1208	1208	valid
neqoperf	iouring	ngtcp2perf	1	5d3902abb27133b92487551eba12a5571781d0fce9fe26fa2852b4d22eb6724e	a187f981af21df53c5e5992e97bebbf03b43f5edd956e369dfa6815c298ea46b	1280	640	1280	640	1280	640	1280	640	640	valid
mvfstperf	iouring	ngtcp2perf	1	5d3902abb27133b92487551eba12a5571781d0fce9fe26fa2852b4d22eb6724e	d7231c42bfd84b73007e15617d7ec7cddd8a5fe4308a11d1079706c37bc9e252	432	216	432	216	448	224	432	216	217.9728074905265544148554565305520904761958923096	valid
s2nperf	iouring	ngtcp2perf	1	5d3902abb27133b92487551eba12a5571781d0fce9fe26fa2852b4d22eb6724e	22399024ecffe46e04967723d7f396321e9956f2a057970c5cdfb71b2dbf0dcb	2336	1168	2322	1161	2320	1160	2321	1160.5	1162.3704190041593093605866042840325094692991265028	valid
ngtcp2perf	iouring	ngtcp2perf	1	5d3902abb27133b92487551eba12a5571781d0fce9fe26fa2852b4d22eb6724e	a58eeda963b11fe946bfd86f053f8efa6caf031a4677f1f5a36db8d80fc01cff	3600	1800	3600	1800	3608	1804	3616	1808	1802.9969513684450819902847030412553496020240830168	valid
quinnperf	iouring	ngtcp2perf	1	5d3902abb27133b92487551eba12a5571781d0fce9fe26fa2852b4d22eb6724e	d3fb431cbf3f14940811ae6ceac8a5be3265e55cdec8e343edfb660ef7553b26	416	208	416	208	400	200	400	200	203.96078054371139320112896436091127958255083784398	valid
lsperf	iouring	ngtcp2perf	1	5d3902abb27133b92487551eba12a5571781d0fce9fe26fa2852b4d22eb6724e	f9e90fde3433b58f833a74336b8805914465a2dbadb90dbca9deb00a7d1843ae	5081	2540.5	5080	2540	5092	2546	5092	2546	2543.1233687493935212783102075423873634183084045424	valid
xquicperf	iouring	ngtcp2perf	1	5d3902abb27133b92487551eba12a5571781d0fce9fe26fa2852b4d22eb6724e	584fd3b7bbd9844fbaf2487fce97f2164c6d7511df5a01e497eba3a22ddff1a2	332	166	332	166	336	168	336	168	166.99700596118482506953861854001646679504645686465	valid
tquicperf	iouring	ngtcp2perf	1	5d3902abb27133b92487551eba12a5571781d0fce9fe26fa2852b4d22eb6724e	a6b15c22f1bf2ff36459c4230754b15a7051b7424c2bbcd51d6fee6a6bbca762	2464	1232	2456	1228	2464	1232	2464	1232	1230.998780156440026660732666754772592484603820787	valid
picoperf	iouring	ngtcp2perf	1	5d3902abb27133b92487551eba12a5571781d0fce9fe26fa2852b4d22eb6724e	28cc6aca7a03be74de387ab9b1a97fb5622ebe5bc30cb5415f2706bf108fdd22	3320	1660	3315	1657.5	3320	1660	3316	1658	1658.8746090972594680121534153824539373848005665708	valid
quicheperf	iouring	ngtcp2perf	1	5d3902abb27133b92487551eba12a5571781d0fce9fe26fa2852b4d22eb6724e	0670917c30dc9203e023a8544d5849f53c7ece3cec7d16fb79c8cd47e85b6394	3152	1576	3151	1575.5	3136	1568	3136	1568	1571.870213759296495151454426256516198519381476726	valid
mvfstperf	iouring	picoperf	1	68640415e938f26808f86a1cbce4e164acf0e859b9f055c8ea7528fb15fdab5f	6b2c4c0a10b22999819b1e883c2a25359917cb1f4506e7478056d87e2882ec74	464	232	464	232	464	232	479	239.5	233.85268900763720822566571099473981801566056148311	valid
ngtcp2perf	iouring	picoperf	1	68640415e938f26808f86a1cbce4e164acf0e859b9f055c8ea7528fb15fdab5f	77552cad2b69fd023707822f80382144dcde94f46c507c7c984adf7880a3104d	4112	2056	4112	2056	4114	2057	4128	2064	2058.2472855252838029122019619262255125991990883746	valid
quiczigperf	iouring	picoperf	1	68640415e938f26808f86a1cbce4e164acf0e859b9f055c8ea7528fb15fdab5f	89ca4111705dc43bc7b456a52dfc0bf72e456168ccb9610a233b99a75fa3df8f	3040	1520	3024	1512	3024	1512	3024	1512	1513.9960439493534250335618557779288457671016431503	valid
lsperf	iouring	picoperf	1	68640415e938f26808f86a1cbce4e164acf0e859b9f055c8ea7528fb15fdab5f	4091a88d602c834b4ddfa7ce0865f1ae852eda8e9acd5131a70b30e5d2da0c08	5312	2656	5312	2656	5312	2656	5312	2656	2656	valid
noqperf	iouring	picoperf	1	68640415e938f26808f86a1cbce4e164acf0e859b9f055c8ea7528fb15fdab5f	38b03af5ca6fad68982820f319e92a68605596b7d3c9621b24efda408aa17e67	304	152	297	148.5	288	144	288	144	147.08681924682620624727607049246915934511458174711	valid
tquicperf	iouring	picoperf	1	68640415e938f26808f86a1cbce4e164acf0e859b9f055c8ea7528fb15fdab5f	2343b7b5dda72d3176e767ea3746a98ba72e75f042fb4403e6ccc36d7d315a7a	2592	1296	2592	1296	2592	1296	2601	1300.5	1297.1235381161725053081410783430658894559961447827	valid
neqoperf	iouring	picoperf	1	68640415e938f26808f86a1cbce4e164acf0e859b9f055c8ea7528fb15fdab5f	ca5ac6bb669854eb7f35e228a9e4752fa150b58550a6274b3d4c325d62525894	1344	672	1344	672	1344	672	1360	680	673.99113292955544708125351601821896536598381431575	valid
quicheperf	iouring	picoperf	1	68640415e938f26808f86a1cbce4e164acf0e859b9f055c8ea7528fb15fdab5f	f0844d76499dd351d62b79ae63ef224f3dec71b5034a31c257387e942f6fa702	3632	1816	3632	1816	3632	1816	3646	1823	1817.747476074833629689262812157987637161375525345	valid
s2nperf	iouring	picoperf	1	68640415e938f26808f86a1cbce4e164acf0e859b9f055c8ea7528fb15fdab5f	66e32f89b5f58a13ade207a35cf635ebf15f6d893b8ff35865328ef7ba7719a0	2620	1310	2624	1312	2620	1310	2616	1308	1309.999236640554140361973133904969424205978579722	valid
picoperf	iouring	picoperf	1	68640415e938f26808f86a1cbce4e164acf0e859b9f055c8ea7528fb15fdab5f	0ba25f83d514e7eb68b5620749796f5a2ab270d1e16f42084c98110990fb284c	4468	2234	4464	2232	4464	2232	4464	2232	2232.49983207701248854830807440735962083350836938	valid
quinnperf	iouring	picoperf	1	68640415e938f26808f86a1cbce4e164acf0e859b9f055c8ea7528fb15fdab5f	3e46d52c63c6ac40689a66c958a55704f268067133993755ae98c1fd8bb2ddbd	444	222	448	224	448	224	448	224	223.49831711966560699892509518677748055559197636979	valid
xquicperf	iouring	picoperf	1	68640415e938f26808f86a1cbce4e164acf0e859b9f055c8ea7528fb15fdab5f	e9fee077bad873debaf1ff9220db5cbed7dcda2a455e5194c1e294b370312098	368	184	356	178	364	182	368	184	181.98339345240137325582738885942432229008435145562	valid
s2nperf	iouring	ngtcp2perf	1	fc7de45b178331b5bfc5317eb1558bd4461c9df8bd3f5f3a51fe6e3fbc1f3e35	7aa51b049e799f3aa01b610666ab35b54b3eab16d9b9bdc6a34fb336f7a12091	2336	1168	2321	1160.5	2320	1160	2324	1162	1162.6206332946175976266527311183701622795579306184	valid
neqoperf	iouring	ngtcp2perf	1	fc7de45b178331b5bfc5317eb1558bd4461c9df8bd3f5f3a51fe6e3fbc1f3e35	487c9f6091bf31592202d066e8b5758d97551e6330a1a326628d8f367409ddc9	1280	640	1280	640	1280	640	1280	640	640	valid
quinnperf	iouring	ngtcp2perf	1	fc7de45b178331b5bfc5317eb1558bd4461c9df8bd3f5f3a51fe6e3fbc1f3e35	55117bf3400b653d8177efff6e93eec4a78c5ab9999385927c0736c1d73f4f31	432	216	432	216	416	208	416	208	211.96226079186832451433702544702209514019134754236	valid
noqperf	iouring	ngtcp2perf	1	fc7de45b178331b5bfc5317eb1558bd4461c9df8bd3f5f3a51fe6e3fbc1f3e35	14024837fef492847ccc358ed80dc70802c14924c3be572ead798e18c9ccf153	272	136	272	136	256	128	272	136	133.9543044574830328092035414737117339714872274381	valid
xquicperf	iouring	ngtcp2perf	1	fc7de45b178331b5bfc5317eb1558bd4461c9df8bd3f5f3a51fe6e3fbc1f3e35	9d6e4c4d068524cc47ad0df450bb85519b06d31af959b8a6269143190b47652d	335	167.5	334	167	336	168	336	168	167.62448690405568795365891167557455433127463338604	valid
quiczigperf	iouring	ngtcp2perf	1	fc7de45b178331b5bfc5317eb1558bd4461c9df8bd3f5f3a51fe6e3fbc1f3e35	068bb2811869903bdf392374f5e3cffaaa845572d7d66528686cdff9f24460cc	2400	1200	2400	1200	2400	1200	2400	1200	1200	valid
picoperf	iouring	ngtcp2perf	1	fc7de45b178331b5bfc5317eb1558bd4461c9df8bd3f5f3a51fe6e3fbc1f3e35	69267e2a1e8187e5641e7c8217d8cd8174447d462fef2827183943e8f7ea8864	3344	1672	3344	1672	3344	1672	3348	1674	1672.4997758740715844292707518468445212578052895454	valid
mvfstperf	iouring	ngtcp2perf	1	fc7de45b178331b5bfc5317eb1558bd4461c9df8bd3f5f3a51fe6e3fbc1f3e35	58967073ae0c3884865872ac0de7e29b83ab3ae94e5783c3ba5801270f080957	432	216	436	218	434	217	432	216	216.74841605397017691822932454559456576860016764586	valid
quicheperf	iouring	ngtcp2perf	1	fc7de45b178331b5bfc5317eb1558bd4461c9df8bd3f5f3a51fe6e3fbc1f3e35	f8aa170beb02513e985fe6c70be456de4c653f5c4f39acdb3485678f87fb5dd4	3152	1576	3148	1574	3140	1570	3136	1568	1571.9968193328878401509541357436660747816083502931	valid
ngtcp2perf	iouring	ngtcp2perf	1	fc7de45b178331b5bfc5317eb1558bd4461c9df8bd3f5f3a51fe6e3fbc1f3e35	a6d7f49934ea7c60193d930c592b280bd3c8db5544a73b5aa700eaac143fc30d	3600	1800	3600	1800	3610	1805	3616	1808	1803.2467604428655770698059540021578377530819414418	valid
tquicperf	iouring	ngtcp2perf	1	fc7de45b178331b5bfc5317eb1558bd4461c9df8bd3f5f3a51fe6e3fbc1f3e35	20478f615dcc27071b9a28b3a584f17f021e41a301ebb94e39932fa0f6661c9d	2448	1224	2440	1220	2448	1224	2448	1224	1222.998772168368145314423112369125723967713500205	valid
lsperf	iouring	ngtcp2perf	1	fc7de45b178331b5bfc5317eb1558bd4461c9df8bd3f5f3a51fe6e3fbc1f3e35	a161c02e280be065de07ba86fb3227d8affcd80db466877fa9f843b1d6a12a32	5104	2552	5100	2550	5096	2548	5100	2550	2549.9996078430467919253828620890071050400285971014	valid
tquicperf	iouring	picoperf	1	27e6f77bcfe0ba946d238f6cfc226cd602a6fb01678bf98f12f8e5f9240c14d9	96b1ba1127f816311bd89f9de96f46382578a44c689c02c3f429e2e2715bd034	2592	1296	2576	1288	2581	1290.5	2592	1296	1292.620290208807337058990379585647599773191554512	valid
quicheperf	iouring	picoperf	1	27e6f77bcfe0ba946d238f6cfc226cd602a6fb01678bf98f12f8e5f9240c14d9	2ddb96ce3dfa617647aab340c9db1a402bed4ad02cdf654bff70dfd2039a3731	3632	1816	3632	1816	3632	1816	3635	1817.5	1816.3748839009239838366310677828744209026095942686	valid
lsperf	iouring	picoperf	1	27e6f77bcfe0ba946d238f6cfc226cd602a6fb01678bf98f12f8e5f9240c14d9	c342349328d9c1986f1697460c1ca1501ed16221b90be00ea23e0480ee2088e7	5344	2672	5344	2672	5344	2672	5344	2672	2672	valid
picoperf	iouring	picoperf	1	27e6f77bcfe0ba946d238f6cfc226cd602a6fb01678bf98f12f8e5f9240c14d9	492a2f49f1d891600587532de1a0370ffdbcd1acddc57e7624d1909cdafb02f8	4464	2232	4464	2232	4464	2232	4464	2232	2232	valid
ngtcp2perf	iouring	picoperf	1	27e6f77bcfe0ba946d238f6cfc226cd602a6fb01678bf98f12f8e5f9240c14d9	659e9abc6e35c7f6377c2729d38c5b9e315678c9b81c41a9e7439272401e00c8	4112	2056	4112	2056	4112	2056	4128	2064	2057.9970883182644686104231427356397246746031774192	valid
xquicperf	iouring	picoperf	1	27e6f77bcfe0ba946d238f6cfc226cd602a6fb01678bf98f12f8e5f9240c14d9	d95da804b5694bb94b49a6824c27e80e12a5cab41dffab14822de2b6778af26c	368	184	364	182	367	183.5	368	184	183.37316277218168256268925292218951995922160087404	valid
mvfstperf	iouring	picoperf	1	27e6f77bcfe0ba946d238f6cfc226cd602a6fb01678bf98f12f8e5f9240c14d9	017e4ed1ed8caf4fa61a15b56d8682ea5eef854e998b4d6ea585a69498911b12	469	234.5	464	232	464	232	480	240	234.60243455556622648154473372718073181952641433302	valid
quinnperf	iouring	picoperf	1	27e6f77bcfe0ba946d238f6cfc226cd602a6fb01678bf98f12f8e5f9240c14d9	499c53dc0a62335af01c495c9ae38f4336f500ba42e3aa7ff37686a60cf763ad	442	221	448	224	432	216	432	216	219.22341994586071379087837846074680237518174874332	valid
quiczigperf	iouring	picoperf	1	27e6f77bcfe0ba946d238f6cfc226cd602a6fb01678bf98f12f8e5f9240c14d9	571febdf52718d8d6220cb9273d7a1fc4151ff08b63fa072198607f646e2a630	3021	1510.5	3024	1512	3024	1512	3024	1512	1511.6248604102819895650361796167393665508949144216	valid
s2nperf	iouring	picoperf	1	27e6f77bcfe0ba946d238f6cfc226cd602a6fb01678bf98f12f8e5f9240c14d9	c243ba395eec8b81046ae1a861ff90beb73bf62f18c94db64daa94f5bc8dcecd	2620	1310	2616	1308	2612	1306	2616	1308	1307.9992354733358171339994052510922826543053898302	valid
noqperf	iouring	picoperf	1	27e6f77bcfe0ba946d238f6cfc226cd602a6fb01678bf98f12f8e5f9240c14d9	ab88a5542be9b91979c80acb99cfe0d8f1ff78fd419d88589bab032dbb444590	304	152	288	144	288	144	288	144	145.95963412622266028747545674257594497067057712425	valid
neqoperf	iouring	picoperf	1	27e6f77bcfe0ba946d238f6cfc226cd602a6fb01678bf98f12f8e5f9240c14d9	61b81375f0d09e912ecd6e11483da02d33405b85ced181b692b53d1ade9a68b5	1360	680	1360	680	1344	672	1360	680	677.9911154228208236811371477881018439083622331483	valid
tquicperf	iouring	ngtcp2perf	2	ae78591dc2eeaecae74de597549d099349ea27e09e4335a4699df5443a0ceffd	45ef46393e6f04a6b5e1693044c282bf0dfbc5c5a0f5af6b1fb63be6bb9684a0	2480	1240	2480	1240	2484	1242	2492	1246	1241.9975871271167425510822387572086369031075319497	valid
quicheperf	iouring	ngtcp2perf	2	ae78591dc2eeaecae74de597549d099349ea27e09e4335a4699df5443a0ceffd	66dfc8b7cd64efb2912e8a3452747c8d4ab0797bb8d00b82b9c9b04664c8e3f9	3168	1584	3158	1579	3152	1576	3152	1576	1578.7466186395781270811733277095702315875444760192	valid
lsperf	iouring	ngtcp2perf	2	ae78591dc2eeaecae74de597549d099349ea27e09e4335a4699df5443a0ceffd	f0dbba644de40d77820f397853a6a7d62880e60a5b3f741168ce4b5d05464a3b	5219	2609.5	5216	2608	5216	2608	5212	2606	2607.8747033941315448808643586036652815507396541367	valid
picoperf	iouring	ngtcp2perf	2	ae78591dc2eeaecae74de597549d099349ea27e09e4335a4699df5443a0ceffd	68e0171b2fac05834180e8dbeb1dc076f4eaf022e487034d4d1534df4902c0b8	3344	1672	3330	1665	3342	1671	3344	1672	1669.9974518558359721302548786673236940950253710072	valid
ngtcp2perf	iouring	ngtcp2perf	2	ae78591dc2eeaecae74de597549d099349ea27e09e4335a4699df5443a0ceffd	d8687d0cb10c42fd8fbcba6602de7ef3fd8090a00b146abfad0fb1431f122f27	3584	1792	3587	1793.5	3600	1800	3600	1800	1796.3712638573892460420452630383128930153392206196	valid
xquicperf	iouring	ngtcp2perf	2	ae78591dc2eeaecae74de597549d099349ea27e09e4335a4699df5443a0ceffd	fadd0d5b0b98b902a16b808682a13e4d3e5c9f86a567be40d762cc6c29515205	336	168	329	164.5	336	168	336	168	167.11807977808140593376503548818615968860055282753	valid
mvfstperf	iouring	ngtcp2perf	2	ae78591dc2eeaecae74de597549d099349ea27e09e4335a4699df5443a0ceffd	115eb38f01ed7855fd8f368870e6cdb0f0f8b149fcb397ce2abc16c0cf4e60ae	432	216	432	216	439	219.5	432	216	216.86973286221743048315514622886345802269370260502	valid
quinnperf	iouring	ngtcp2perf	2	ae78591dc2eeaecae74de597549d099349ea27e09e4335a4699df5443a0ceffd	8713d1089e6f83da966bc5a11af34a638e81f0c8c884ef338e4738ea73dacaee	416	208	416	208	416	208	416	208	208	valid
quiczigperf	iouring	ngtcp2perf	2	ae78591dc2eeaecae74de597549d099349ea27e09e4335a4699df5443a0ceffd	da7ac7b41f5c6393a4ef8f70bf5e3afc4d99defdf7001bd593a8766a86f8854c	2336	1168	2336	1168	2352	1176	2352	1176	1171.9931740415555850320477776744475504515821202746	valid
s2nperf	iouring	ngtcp2perf	2	ae78591dc2eeaecae74de597549d099349ea27e09e4335a4699df5443a0ceffd	12bd3377c8fedded44103ecf9d7e137d899f3650904a048481ceabfe21854660	2272	1136	2279	1139.5	2288	1144	2288	1144	1140.8700453327173426747731064341877360014130855089	valid
noqperf	iouring	ngtcp2perf	2	ae78591dc2eeaecae74de597549d099349ea27e09e4335a4699df5443a0ceffd	c1a3ea68fd87a1c54687c44586d7cd793cfd176e1c307acf431b1060ccfc0ffb	272	136	272	136	262	131	270	135	134.48403166023104165957705704582011588033637389647	valid
neqoperf	iouring	ngtcp2perf	2	ae78591dc2eeaecae74de597549d099349ea27e09e4335a4699df5443a0ceffd	07cf9666edf2e70c3a5cf6366da04d8560c30782c75bc32596f6fed17797a741	1296	648	1296	648	1296	648	1296	648	648	valid
s2nperf	iouring	picoperf	2	4db40aa4d37981924bf8f671f45e075c0a70a55460e1c6be61ae5d3490754c30	d8ef04ce9ebf67cff7de72b4a2cb9daab64eb026f2cc875cfa30639dd62234ff	2632	1316	2624	1312	2628	1314	2628	1314	1313.9992389643312308993420297732661728958294261214	valid
neqoperf	iouring	picoperf	2	4db40aa4d37981924bf8f671f45e075c0a70a55460e1c6be61ae5d3490754c30	d4e2bb86b5a4a1a18aede754f0bb912a45bbbcee2d51f4ae1b89c85816666ef0	1376	688	1360	680	1360	680	1360	680	681.99123653873107355892083394329829250402421653505	valid
quinnperf	iouring	picoperf	2	4db40aa4d37981924bf8f671f45e075c0a70a55460e1c6be61ae5d3490754c30	3210832b377f9516b89c665157903194e1bee1fc5ea62f50cf585e67e15a68f9	443	221.5	448	224	448	224	448	224	223.37236704591698558864037780560678699674373642648	valid
noqperf	iouring	picoperf	2	4db40aa4d37981924bf8f671f45e075c0a70a55460e1c6be61ae5d3490754c30	53d4dff2e097cd7d7b0d1fdbc794265ce1a3025bb1332e9f6655f23a5d32c250	304	152	304	152	288	144	288	144	147.94593607125543480600461715490186140565497656267	valid
xquicperf	iouring	picoperf	2	4db40aa4d37981924bf8f671f45e075c0a70a55460e1c6be61ae5d3490754c30	3ecd480ba9f71785cffdad8543a36a268bd7f3d284aa1c2d64af56d6c529d4b5	368	184	368	184	382	191	368	184	185.72557392466509639639538836640542061770793993951	valid
quiczigperf	iouring	picoperf	2	4db40aa4d37981924bf8f671f45e075c0a70a55460e1c6be61ae5d3490754c30	af4e54044890c7e068b6abd344d0db370e97951d0fc759847473537d83e61541	2944	1472	2944	1472	2928	1464	2928	1464	1467.9945503986041705131380478386425782127067522935	valid
picoperf	iouring	picoperf	2	4db40aa4d37981924bf8f671f45e075c0a70a55460e1c6be61ae5d3490754c30	6e6bad21d3cb141230a379df453f292484ff11945d5f3bc1c0515ee3e323d699	4482	2241	4492	2246	4494	2247	4496	2248	2245.4983844683393728205500461655452236324350740411	valid
mvfstperf	iouring	picoperf	2	4db40aa4d37981924bf8f671f45e075c0a70a55460e1c6be61ae5d3490754c30	439e783738a64e29098abada16b9616a687846ce3989823fe203d6889dbb4515	464	232	464	232	480	240	480	240	235.96609926004201334950693763245807534205410677802	valid
quicheperf	iouring	picoperf	2	4db40aa4d37981924bf8f671f45e075c0a70a55460e1c6be61ae5d3490754c30	9e8729e7c05c9382272dcca9a8b15c0b2ff441e55929656be151fef9ddc9245d	3664	1832	3648	1824	3648	1824	3648	1824	1825.9967189170727243740071910673362388315000603114	valid
ngtcp2perf	iouring	picoperf	2	4db40aa4d37981924bf8f671f45e075c0a70a55460e1c6be61ae5d3490754c30	a453b3583d602d8ec307f6f0285692d9208f631a2cfb94b44865936f9229b9aa	4112	2056	4101	2050.5	4111	2055.5	4112	2056	2054.4986907838008526016954403667461867523148178753	valid
tquicperf	iouring	picoperf	2	4db40aa4d37981924bf8f671f45e075c0a70a55460e1c6be61ae5d3490754c30	f2bd9998db565303ea669682dfdfdf986ad4d0fad4173c5cd68caf2bd18f01af	2592	1296	2592	1296	2592	1296	2592	1296	1296	valid
lsperf	iouring	picoperf	2	4db40aa4d37981924bf8f671f45e075c0a70a55460e1c6be61ae5d3490754c30	f77ac50334479400efc8faf523b1a39c5ef3a07dffc63b9d25e374d7cb9d6620	5360	2680	5360	2680	5360	2680	5360	2680	2680	valid
mvfstperf	iouring	ngtcp2perf	2	7a0dbcff39b817885325ad7b25642bd8f25e148931b1f1cabc79b7262d41caaf	8fcd0c69edab8d52726c5df22d5590bf54013efedf97e79d1ad81486d5b4be11	432	216	416	208	432	216	432	216	213.97160636646059001118922635278965838201550809884	valid
ngtcp2perf	iouring	ngtcp2perf	2	7a0dbcff39b817885325ad7b25642bd8f25e148931b1f1cabc79b7262d41caaf	ad32a1815eca5240e812600555ce971d28c5bee2b85a9b55466498a19eee162b	3584	1792	3588	1794	3600	1800	3600	1800	1796.4964508865374520967129894152615656989736066973	valid
quiczigperf	iouring	ngtcp2perf	2	7a0dbcff39b817885325ad7b25642bd8f25e148931b1f1cabc79b7262d41caaf	426f2a771283521cb8d29ff6b446991b108db881d9cc4767f139588478813079	2336	1168	2352	1176	2352	1176	2352	1176	1173.994877617815404068408176299452392402425315386	valid
lsperf	iouring	ngtcp2perf	2	7a0dbcff39b817885325ad7b25642bd8f25e148931b1f1cabc79b7262d41caaf	b9b3e318f2bddb90de756aec2c7d1f92cb7bad6640b924f1e1955deb8252f619	5108	2554	5108	2554	5104	2552	5105	2552.5	2553.1248439370474217363851447807167084343558818453	valid
noqperf	iouring	ngtcp2perf	2	7a0dbcff39b817885325ad7b25642bd8f25e148931b1f1cabc79b7262d41caaf	0ddfff2745b113e2761dc780f2a3e8c693f09d62ed5a09fa5392e57da707f8c2	272	136	272	136	256	128	272	136	133.9543044574830328092035414737117339714872274381	valid
tquicperf	iouring	ngtcp2perf	2	7a0dbcff39b817885325ad7b25642bd8f25e148931b1f1cabc79b7262d41caaf	e5372a6de3f9b37faf0fd5afd6df71cb633baa40acdcf1cf24ae26100c12c2d1	2464	1232	2464	1232	2464	1232	2480	1240	1233.9951482356357873872177170133364106756148416316	valid
neqoperf	iouring	ngtcp2perf	2	7a0dbcff39b817885325ad7b25642bd8f25e148931b1f1cabc79b7262d41caaf	fe8a66e805ca715c3026814624b4fa8b74c586831cd6f28653cb252232c64635	1296	648	1296	648	1285	642.5	1280	640	644.6155525005317614854361061580251475702239408147	valid
quicheperf	iouring	ngtcp2perf	2	7a0dbcff39b817885325ad7b25642bd8f25e148931b1f1cabc79b7262d41caaf	64834e80c4819c1b68aa2099652e7f4ad9b8f84c4e3375879b24e06e7458f92e	3168	1584	3168	1584	3168	1584	3168	1584	1584	valid
s2nperf	iouring	ngtcp2perf	2	7a0dbcff39b817885325ad7b25642bd8f25e148931b1f1cabc79b7262d41caaf	a88eeb813eb14a4a284ba1f5898ae693261e75277daf82ad4b71b38c83e4ed6b	2208	1104	2208	1104	2202	1101	2192	1096	1101.2451404431246827630071033353726150461927492596	valid
picoperf	iouring	ngtcp2perf	2	7a0dbcff39b817885325ad7b25642bd8f25e148931b1f1cabc79b7262d41caaf	12f0aadf5ff59b694298cb1473aa20475b5a2aa2734d35d7839b662bc191d58b	3344	1672	3344	1672	3356	1678	3353	1676.5	1674.622858923863274613144280543762035971188293455	valid
quinnperf	iouring	ngtcp2perf	2	7a0dbcff39b817885325ad7b25642bd8f25e148931b1f1cabc79b7262d41caaf	367650a81ff3fe097542e7e2b2e41d5561a2da18ed3328fa995e1f1abb921ced	432	216	432	216	416	208	416	208	211.96226079186832451433702544702209514019134754236	valid
xquicperf	iouring	ngtcp2perf	2	7a0dbcff39b817885325ad7b25642bd8f25e148931b1f1cabc79b7262d41caaf	f6916d8774bd4b203d0eed2b05c25556e69f863e520637443bd5ba00febddd11	324	162	332	166	336	168	336	168	165.98177955225193879269533989115641303487360091616	valid
noqperf	iouring	picoperf	2	ac928e19b9bfa595694d3def279bcfb64a63137d8fef6a338695efedf903ee68	15b96ef6888182ab0f1b43820174538beb0efe7023cbdb7ee8f41e806871d28e	304	152	304	152	304	152	288	144	149.95926874598590843354118741807070584915862962029	valid
quiczigperf	iouring	picoperf	2	ac928e19b9bfa595694d3def279bcfb64a63137d8fef6a338695efedf903ee68	7b8ab5fb59704530721491fc78b3c73d63816a109e3cf3a5013ccb026035df9f	2944	1472	2960	1480	2950	1475	2944	1472	1474.7463804432941561937645932772639584237981954536	valid
neqoperf	iouring	picoperf	2	ac928e19b9bfa595694d3def279bcfb64a63137d8fef6a338695efedf903ee68	bb92d7156b55254cf8de58eedbcf2726c960ef101351b4caa8707b0e807c98b9	1360	680	1360	680	1360	680	1376	688	681.99123653873107355892083394329829250402421653505	valid
mvfstperf	iouring	picoperf	2	ac928e19b9bfa595694d3def279bcfb64a63137d8fef6a338695efedf903ee68	85dc4739706213d86eb658df35f4733fc1acb680f1776b5154325094496e746e	464	232	464	232	464	232	466	233	232.24959691821423997887966537482942307556648246706	valid
s2nperf	iouring	picoperf	2	ac928e19b9bfa595694d3def279bcfb64a63137d8fef6a338695efedf903ee68	5b8f780cf3e90dc9ca3f270e77405a5210502b229f2944e7c7c8e6284759d62b	2484	1242	2476	1238	2480	1240	2480	1240	1239.9991935476003646884342245935370104500822249728	valid
ngtcp2perf	iouring	picoperf	2	ac928e19b9bfa595694d3def279bcfb64a63137d8fef6a338695efedf903ee68	010827ec09bf77c6b1750e0e39d5ae121dc09b19dce73f787f7b3e6bed2b090d	4096	2048	4097	2048.5	4112	2056	4112	2056	2052.121333798700778390669433183249095625474212702	valid
quinnperf	iouring	picoperf	2	ac928e19b9bfa595694d3def279bcfb64a63137d8fef6a338695efedf903ee68	a161f234b2fb37357b978def3f6bb9f9c9779e13c0c8ac17ccfe0eee969aa7bd	442	221	448	224	448	224	448	224	223.24620355755524846508346606400200379653628935142	valid
lsperf	iouring	picoperf	2	ac928e19b9bfa595694d3def279bcfb64a63137d8fef6a338695efedf903ee68	99bf9dc216917f86b3dae56509eb90e3022681e50bae49c45f797a81886ab734	5344	2672	5344	2672	5344	2672	5344	2672	2672	valid
xquicperf	iouring	picoperf	2	ac928e19b9bfa595694d3def279bcfb64a63137d8fef6a338695efedf903ee68	1bcb07b2cbb1bebe95e906f88d4d8c7d5513d1a292298b0ec2a234d07d79a98d	368	184	368	184	384	192	368	184	185.96819439474544419195498836509678883339136488282	valid
tquicperf	iouring	picoperf	2	ac928e19b9bfa595694d3def279bcfb64a63137d8fef6a338695efedf903ee68	e8f9d5a77c74610d79e3921c5ae0c2836db86327b394c8c6ba763dd55328cda8	2608	1304	2592	1296	2592	1296	2606	1303	1299.7445424848734173796799864277752816343800961242	valid
picoperf	iouring	picoperf	2	ac928e19b9bfa595694d3def279bcfb64a63137d8fef6a338695efedf903ee68	72a8d66aefdfd997cda8129fe69a4cf0503269cda1f115d299f5b5056f971015	4560	2280	4560	2280	4544	2272	4544	2272	2275.9964850587972733614619094293674890569318473901	valid
quicheperf	iouring	picoperf	2	ac928e19b9bfa595694d3def279bcfb64a63137d8fef6a338695efedf903ee68	9fbbbb85f3f0df533cad0b152201661a0e264be19d9ef53ab31491acc4af3678	3664	1832	3664	1832	3664	1832	3654	1827	1830.7487186198565638835129767208757675486808214809	valid
ngtcp2perf	iouring	ngtcp2perf	2	1d26e8cc135047b8e50c2af06c8eeab4a0db2f655930610dd84c6ab3b091b333	3bb8b6cb786e98515ff97e1b87270677bc0a10e951ca1661a34eef1905e65a37	3584	1792	3588	1794	3600	1800	3600	1800	1796.4964508865374520967129894152615656989736066973	valid
lsperf	iouring	ngtcp2perf	2	1d26e8cc135047b8e50c2af06c8eeab4a0db2f655930610dd84c6ab3b091b333	b1d2de9225fdc5b0b4f747792980449bc90b9070ba83879d427c7c6ca2224820	5088	2544	5085	2542.5	5088	2544	5092	2546	2544.1246960202797287240811032551192163937460766323	valid
mvfstperf	iouring	ngtcp2perf	2	1d26e8cc135047b8e50c2af06c8eeab4a0db2f655930610dd84c6ab3b091b333	ec271af8a154eb95c4fe12d7499197494d106a272018efef0c89daaa8c796e1b	417	208.5	432	216	432	216	432	216	214.10007931918335729229266387356739471356609729147	valid
tquicperf	iouring	ngtcp2perf	2	1d26e8cc135047b8e50c2af06c8eeab4a0db2f655930610dd84c6ab3b091b333	198fc1598e4e63ca18d7aaad027742befb845426cb197cd6805b2ac2e82e44ee	2496	1248	2496	1248	2496	1248	2500	1250	1248.4996997998198125875850893492818382104643859174	valid
quiczigperf	iouring	ngtcp2perf	2	1d26e8cc135047b8e50c2af06c8eeab4a0db2f655930610dd84c6ab3b091b333	a0326f02fe70235cfa7af8dfcbe5e92e5948cfb0b29214f5be70f1bf8c17d5a3	2336	1168	2352	1176	2352	1176	2352	1176	1173.994877617815404068408176299452392402425315386	valid
quicheperf	iouring	ngtcp2perf	2	1d26e8cc135047b8e50c2af06c8eeab4a0db2f655930610dd84c6ab3b091b333	c614ae42faddb03958a12f470b7a577a70283f671e5c09c10211877ecba42c5e	3168	1584	3168	1584	3168	1584	3168	1584	1584	valid
noqperf	iouring	ngtcp2perf	2	1d26e8cc135047b8e50c2af06c8eeab4a0db2f655930610dd84c6ab3b091b333	26c29ddcd3adc7968228128ca07b5f8bd435ce2ac5e477d22fb73c810f9c1ef9	272	136	272	136	271	135.5	272	136	135.874827294914380610619637329531137418060761223	valid
picoperf	iouring	ngtcp2perf	2	1d26e8cc135047b8e50c2af06c8eeab4a0db2f655930610dd84c6ab3b091b333	ab7dd10f7f5ce5cf751d21b81ea5da69fe7e2e7599cfd8ebfd56a74117aeaa20	3330	1665	3324	1662	3324	1662	3332	1666	1663.7490421522955960832980733727385170430389140694	valid
neqoperf	iouring	ngtcp2perf	2	1d26e8cc135047b8e50c2af06c8eeab4a0db2f655930610dd84c6ab3b091b333	d148ac0c5a5aeb7251d29ec3be61432bf4dd197b60b0fae53d1080724775b3ee	1280	640	1280	640	1280	640	1280	640	640	valid
xquicperf	iouring	ngtcp2perf	2	1d26e8cc135047b8e50c2af06c8eeab4a0db2f655930610dd84c6ab3b091b333	c0a55efa8414d41a22bf673d0d47c12e80304b8cdc5b5fca77d138b292224cfe	336	168	335	167.5	336	168	336	168	167.87486024837173970625362491947306998060672467025	valid
s2nperf	iouring	ngtcp2perf	2	1d26e8cc135047b8e50c2af06c8eeab4a0db2f655930610dd84c6ab3b091b333	31c4884e2edfa9f45cb45c29c66f4c208f2a15eaeda3bfa0c650a16fe087065d	2234	1117	2240	1120	2240	1120	2240	1120	1119.2492454725071027342354702594881544316631241669	valid
quinnperf	iouring	ngtcp2perf	2	1d26e8cc135047b8e50c2af06c8eeab4a0db2f655930610dd84c6ab3b091b333	127f680ce251f972e75bfe824278046bfcabffd6e62cfc6933d052223c6dd70c	416	208	416	208	416	208	416	208	208	valid
lsperf	iouring	picoperf	2	5c4af864ce98593d2ecf349cc934f3fc2f00efc98180f4a00f70336f5b87f34c	9460cb15c0bdd8904aeebfdda64555de98159648550666c4ec9608757804de3c	5348	2674	5344	2672	5344	2672	5344	2672	2672.4998597169351870704268714404670044817742583614	valid
tquicperf	iouring	picoperf	2	5c4af864ce98593d2ecf349cc934f3fc2f00efc98180f4a00f70336f5b87f34c	ca56ac3868a140e8b8cc7b4c985712c9738b7909d42653d5f8bcc8f9a11649af	2608	1304	2608	1304	2602	1301	2607	1303.5	1303.1244060717895199005514774344412484999999911094	valid
ngtcp2perf	iouring	picoperf	2	5c4af864ce98593d2ecf349cc934f3fc2f00efc98180f4a00f70336f5b87f34c	e9a8d52dc80c2d2b125bce62f73234cec8191bcabbf8bb2097a15b61dec44e58	4105	2052.5	4096	2048	4112	2056	4112	2056	2053.1223688933531039380550433737103682667782577696	valid
quicheperf	iouring	picoperf	2	5c4af864ce98593d2ecf349cc934f3fc2f00efc98180f4a00f70336f5b87f34c	18c169226f3f5bf4fd5f8a758eb8b964bda2256b831530838ce10109bc336ae9	3648	1824	3648	1824	3648	1824	3648	1824	1824	valid
mvfstperf	iouring	picoperf	2	5c4af864ce98593d2ecf349cc934f3fc2f00efc98180f4a00f70336f5b87f34c	228675f0fd568e26c25bbc30598c09c034c22c0c99cc06588b257a7a544685d9	464	232	464	232	480	240	464	232	233.97464612288603074109284682800515341725242509158	valid
picoperf	iouring	picoperf	2	5c4af864ce98593d2ecf349cc934f3fc2f00efc98180f4a00f70336f5b87f34c	b1de4acbdec185a42f15ec6d2ad1122790c6545e4cd3573ef4094ad25303be7c	4544	2272	4544	2272	4544	2272	4544	2272	2272	valid
quiczigperf	iouring	picoperf	2	5c4af864ce98593d2ecf349cc934f3fc2f00efc98180f4a00f70336f5b87f34c	f2698855af6bbb4ccc5a7249a3f57f2a485ad28d9f215ca8741c299a85f2cd9f	2928	1464	2944	1472	2944	1472	2944	1472	1469.995910942185355504705439041307843967826338344	valid
xquicperf	iouring	picoperf	2	5c4af864ce98593d2ecf349cc934f3fc2f00efc98180f4a00f70336f5b87f34c	5c6ca0903a70f6b799349a29627123bdbebefb4035405275797936389c322738	368	184	368	184	382	191	368	184	185.72557392466509639639538836640542061770793993951	valid
noqperf	iouring	picoperf	2	5c4af864ce98593d2ecf349cc934f3fc2f00efc98180f4a00f70336f5b87f34c	b2cc01ab4affee549f391f774c3851e4b1efb03da73430f8ea608a72fdda3cf5	304	152	288	144	288	144	288	144	145.95963412622266028747545674257594497067057712425	valid
quinnperf	iouring	picoperf	2	5c4af864ce98593d2ecf349cc934f3fc2f00efc98180f4a00f70336f5b87f34c	d3898a69a98968cae3c464008fe5027683dea2f756f9ac30f7486a10c1552daf	442	221	448	224	448	224	448	224	223.24620355755524846508346606400200379653628935142	valid
neqoperf	iouring	picoperf	2	5c4af864ce98593d2ecf349cc934f3fc2f00efc98180f4a00f70336f5b87f34c	f1e1963f5c83b5395e2e20fec99533e48499b28a091491a54971d7fa65cdd332	1360	680	1360	680	1360	680	1376	688	681.99123653873107355892083394329829250402421653505	valid
s2nperf	iouring	picoperf	2	5c4af864ce98593d2ecf349cc934f3fc2f00efc98180f4a00f70336f5b87f34c	4ff75514d451695479aa4ff1a209b1592caa8a9c715daed627ab9ea4ef107e50	2516	1258	2516	1258	2516	1258	2516	1258	1258	valid
quicheperf	iouring	ngtcp2perf	2	2d9ff3098cfaf7aec59e3f0f64bd2228f42939664364cfa3aee54b2032d5e59b	8a44e7920c6857ee56d0b53fa092783da1faebc755a4e122c25a412100ef85ff	3160	1580	3156	1578	3156	1578	3152	1576	1577.9993662860567871473659955618872241653306557178	valid
picoperf	iouring	ngtcp2perf	2	2d9ff3098cfaf7aec59e3f0f64bd2228f42939664364cfa3aee54b2032d5e59b	3aa6d0bd7387328dadb682c6ea7d404fb086c57ed26f0d2e0b3d07bb1faa7733	3344	1672	3344	1672	3348	1674	3360	1680	1674.496794088667776767824083004968539799533199043	valid
tquicperf	iouring	ngtcp2perf	2	2d9ff3098cfaf7aec59e3f0f64bd2228f42939664364cfa3aee54b2032d5e59b	c1d0a72fbe0c17cf8d29cca45fc731e8bb47f29ee7d0e4451b19776b4322e56e	2448	1224	2452	1226	2464	1232	2456	1228	1227.4964383200989247380111490544329304657923850392	valid
xquicperf	iouring	ngtcp2perf	2	2d9ff3098cfaf7aec59e3f0f64bd2228f42939664364cfa3aee54b2032d5e59b	c5e3dea381440f7e625adfcd470cc9a463f84646b7b21d18053f290755310c08	336	168	333	166.5	336	168	336	168	167.62373783974920524919382139008311041669398227734	valid
lsperf	iouring	ngtcp2perf	2	2d9ff3098cfaf7aec59e3f0f64bd2228f42939664364cfa3aee54b2032d5e59b	29e7ab01bc1feca8bdf326aa20108abf34c12aa9824a00bc52e721936238d8ba	5120	2560	5120	2560	5120	2560	5120	2560	2560	valid
quinnperf	iouring	ngtcp2perf	2	2d9ff3098cfaf7aec59e3f0f64bd2228f42939664364cfa3aee54b2032d5e59b	29d7ce43157c899a509af0ea689cd81e2960593abb1815a8963c4009ff4e38ba	432	216	432	216	432	216	416	208	213.97160636646059001118922635278965838201550809884	valid
ngtcp2perf	iouring	ngtcp2perf	2	2d9ff3098cfaf7aec59e3f0f64bd2228f42939664364cfa3aee54b2032d5e59b	04933675ad0738fe69db4929d5c6f2f5d050d9d579c27f19a42881a7b90f6863	3584	1792	3596	1798	3600	1800	3600	1800	1797.497006245637636132791673961878959136188257365	valid
s2nperf	iouring	ngtcp2perf	2	2d9ff3098cfaf7aec59e3f0f64bd2228f42939664364cfa3aee54b2032d5e59b	b1d3a2a964ed38256c97ba5336fb26e4ada02917e4f4affa545067e8954dad3d	2240	1120	2240	1120	2240	1120	2240	1120	1120	valid
mvfstperf	iouring	ngtcp2perf	2	2d9ff3098cfaf7aec59e3f0f64bd2228f42939664364cfa3aee54b2032d5e59b	6a08fe7de48d293ea567ed2535ec9fd49025b9f436a5a5dd1c1ae3e879d1bfe6	428	214	420	210	432	216	432	216	213.98589256960255136523890799779265330199657837712	valid
neqoperf	iouring	ngtcp2perf	2	2d9ff3098cfaf7aec59e3f0f64bd2228f42939664364cfa3aee54b2032d5e59b	0ddc680566a2282221d1b5cec8dd237758962879be4c459dd5c8fb0862099527	1296	648	1280	640	1280	640	1280	640	641.9906927773651430431037503283020189325137839864	valid
quiczigperf	iouring	ngtcp2perf	2	2d9ff3098cfaf7aec59e3f0f64bd2228f42939664364cfa3aee54b2032d5e59b	c2bf97f24d8eddc079600f0f4155c4901de690c54e03a2fcc0b31c56086388f4	2368	1184	2364	1182	2361	1180.5	2368	1184	1182.6240814794909648654706333141684180596346422824	valid
noqperf	iouring	ngtcp2perf	2	2d9ff3098cfaf7aec59e3f0f64bd2228f42939664364cfa3aee54b2032d5e59b	9ebf8ce4e6af59471178cba0418afc7d40aa9f85f6c510bdb16e12a4fe84bd6d	272	136	272	136	256	128	272	136	133.9543044574830328092035414737117339714872274381	valid
neqoperf	iouring	picoperf	2	c72dea085162c67a566609470670cd55af98cc50676ee7cbb31e7609ff3a61a9	7c418462adf5f698d46f91053fc3dfe3accec620827209c7f758afde9f332f61	1376	688	1376	688	1372	686	1364	682	685.99561828031651817649111735186448031906539654895	valid
noqperf	iouring	picoperf	2	c72dea085162c67a566609470670cd55af98cc50676ee7cbb31e7609ff3a61a9	97182b68dcec4c3e9cc2d834f8c585cd7454a197211d3174348c2b73aefe0a00	304	152	300	150	288	144	288	144	147.45685190448004111371369062716390503046911072958	valid
s2nperf	iouring	picoperf	2	c72dea085162c67a566609470670cd55af98cc50676ee7cbb31e7609ff3a61a9	4ec32d00be5fe8607e628c87b09ba9a2d9566b603068d1285ba877dab4722edc	2520	1260	2524	1262	2524	1262	2524	1262	1261.4997025776148083239728276492515110197781333916	valid
quiczigperf	iouring	picoperf	2	c72dea085162c67a566609470670cd55af98cc50676ee7cbb31e7609ff3a61a9	4338a5146a04d01779bd2228d003772d40609fe141cfc5cb24e29ee2d7c68a78	2960	1480	2961	1480.5	2960	1480	2975	1487.5	1481.9965895712916089569924513518867592930403179031	valid
quinnperf	iouring	picoperf	2	c72dea085162c67a566609470670cd55af98cc50676ee7cbb31e7609ff3a61a9	860903d92d13c7f98d5ce2ba8461c3bc0ff40c45fc104c0a954b4f5c5969bd35	445	222.5	448	224	448	224	448	224	223.62405461925369397476415209084058783316539944894	valid
mvfstperf	iouring	picoperf	2	c72dea085162c67a566609470670cd55af98cc50676ee7cbb31e7609ff3a61a9	46be47a639fdbe1af0566ac2e7892a656720d1f0af31e9d26ed82e0c26ac10ba	464	232	464	232	469	234.5	464	232	232.62249016632900500710364853783535273844586703513	valid
xquicperf	iouring	picoperf	2	c72dea085162c67a566609470670cd55af98cc50676ee7cbb31e7609ff3a61a9	56822829ee7e0f5cb08079088b14ca04235df4baa67c9a6ef6b570e33afaaac0	368	184	368	184	380	190	368	184	185.48199887746410781784642598788430585564515506144	valid
ngtcp2perf	iouring	picoperf	2	c72dea085162c67a566609470670cd55af98cc50676ee7cbb31e7609ff3a61a9	a38bcdd9d43f2800d6896b7a777732b1c295cec5ec5810e17257a8a35867bee0	4096	2048	4105	2052.5	4112	2056	4112	2056	2053.1223688933531039380550433737103682667782577696	valid
picoperf	iouring	picoperf	2	c72dea085162c67a566609470670cd55af98cc50676ee7cbb31e7609ff3a61a9	400b7c88c21bce7e3a0cb945e31c5bf403642a523127e695914273503b90cce1	4544	2272	4544	2272	4544	2272	4544	2272	2272	valid
lsperf	iouring	picoperf	2	c72dea085162c67a566609470670cd55af98cc50676ee7cbb31e7609ff3a61a9	86d48f96b8b5776408746f53120f944b57f143791c655cf5d50cc94f65c98cb4	5344	2672	5344	2672	5344	2672	5344	2672	2672	valid
quicheperf	iouring	picoperf	2	c72dea085162c67a566609470670cd55af98cc50676ee7cbb31e7609ff3a61a9	82c9bb8d6f06b7caff67f2077876c39ac1e2a8bcc8207ed5b8b2ace8957fef49	3664	1832	3664	1832	3662	1831	3648	1824	1829.7469387629236569051183819291256540190814037614	valid
tquicperf	iouring	picoperf	2	c72dea085162c67a566609470670cd55af98cc50676ee7cbb31e7609ff3a61a9	e5e89ee5ba86b32d283dc5fbc78306466fd9e4be60349b5d0d2eda22b586b9a9	2608	1304	2608	1304	2608	1304	2608	1304	1304	valid
quinnperf	iouring	ngtcp2perf	2	fb09bc7d1dd27c9c2f403318c81ce32896257ac737b91362d052c52f57fa7427	53043538818d51612a917b5ff4e9e9e8704ee080c591377265cd60ce52d16648	432	216	432	216	432	216	416	208	213.97160636646059001118922635278965838201550809884	valid
s2nperf	iouring	ngtcp2perf	2	fb09bc7d1dd27c9c2f403318c81ce32896257ac737b91362d052c52f57fa7427	20a3ad46ad90c17c283f0fdffaf56d3d90042e290817c4a4c29f8481bb94eed8	2239	1119.5	2240	1120	2240	1120	2228	1114	1118.3721239998525736476193415935524927696537409872	valid
xquicperf	iouring	ngtcp2perf	2	fb09bc7d1dd27c9c2f403318c81ce32896257ac737b91362d052c52f57fa7427	159b004b6cbd7bbf617b721188df9fd5418dfa0ebe9f288b843516f7d34cae5f	336	168	336	168	336	168	336	168	168	valid
neqoperf	iouring	ngtcp2perf	2	fb09bc7d1dd27c9c2f403318c81ce32896257ac737b91362d052c52f57fa7427	0b3044a73850c09a0202d592cf04f01479aef3bc9219fa54d50931acea9a59d3	1312	656	1312	656	1312	656	1296	648	653.9907880425430442794892981936198447813634155745	valid
picoperf	iouring	ngtcp2perf	2	fb09bc7d1dd27c9c2f403318c81ce32896257ac737b91362d052c52f57fa7427	b28e796c639c4fad7d1c5d107e26214386e3599870aa31b7aa054e6e38459a7c	3344	1672	3344	1672	3345	1672.5	3343	1671.5	1671.9999626196159713279701210220608120261926163616	valid
noqperf	iouring	ngtcp2perf	2	fb09bc7d1dd27c9c2f403318c81ce32896257ac737b91362d052c52f57fa7427	4705185a0f132f185324fda0fe52d5e4cdafd5a0033514ec7510b936afeefe96	272	136	256	128	256	128	272	136	131.93938001976513759428511539117046480471037521196	valid
quicheperf	iouring	ngtcp2perf	2	fb09bc7d1dd27c9c2f403318c81ce32896257ac737b91362d052c52f57fa7427	ac700d42d4d9568f04ec962dc2f442113749f5f35b7ae12c5da15741306903f8	3164	1582	3168	1584	3168	1584	3168	1584	1583.4997630830558846433992543587204453537638125521	valid
quiczigperf	iouring	ngtcp2perf	2	fb09bc7d1dd27c9c2f403318c81ce32896257ac737b91362d052c52f57fa7427	d9eb53f6f016f818af60c354b3f79887b3c42a8bb55f5529215a9d8524c6f1da	2368	1184	2368	1184	2370	1185	2372	1186	1184.749709921110536336841836528975532739578042459	valid
tquicperf	iouring	ngtcp2perf	2	fb09bc7d1dd27c9c2f403318c81ce32896257ac737b91362d052c52f57fa7427	4dba5fd8408e925168bb6c31e2dab53af13bedca9043f8459dc5c55c32ff41f0	2492	1246	2480	1240	2480	1240	2496	1248	1243.4948744593426077998979451933784100301777374403	valid
mvfstperf	iouring	ngtcp2perf	2	fb09bc7d1dd27c9c2f403318c81ce32896257ac737b91362d052c52f57fa7427	dafb2f3b1fb88a6ca6c5dec2ec5cce9c35d97ba320ccec138ac2f4f1af821388	432	216	432	216	440	220	432	216	216.99312963069635025833777443605015146645000010112	valid
lsperf	iouring	ngtcp2perf	2	fb09bc7d1dd27c9c2f403318c81ce32896257ac737b91362d052c52f57fa7427	c9d4825ee9a924d5499640ad58fecebe41124747afbcd4b37331f93bc16d8bb4	5068	2534	5064	2532	5064	2532	5076	2538	2533.9988167231380227813623258355603936420162260976	valid
ngtcp2perf	iouring	ngtcp2perf	2	fb09bc7d1dd27c9c2f403318c81ce32896257ac737b91362d052c52f57fa7427	bdd80a20780c1e747280dfe9560b46644c7e2af922513e218ec405c5bb24bb08	3584	1792	3584	1792	3600	1800	3600	1800	1795.9955456514918650801993915119436648428895077338	valid
xquicperf	iouring	picoperf	2	9fb5bb7686a7348c42b5f7ad4d6526e539eddf2ba35f8bf609f553bec7fe469d	822a8ff7f795f70811916e970a261c30620bb555f282f13db8a47cd6f54f2c72	368	184	368	184	379	189.5	368	184	185.35985063942610327024645801377884734248826708454	valid
quinnperf	iouring	picoperf	2	9fb5bb7686a7348c42b5f7ad4d6526e539eddf2ba35f8bf609f553bec7fe469d	1ec943e59d44e0a678f7b72cd4a9821eda7ffd8ca18340761544a55da8f55fe5	432	216	448	224	448	224	448	224	221.9726421705278340601877893531235362028656477405	valid
picoperf	iouring	picoperf	2	9fb5bb7686a7348c42b5f7ad4d6526e539eddf2ba35f8bf609f553bec7fe469d	114c08f70e944264031ebe4825efc999c3e74c22c9debf9bfd828b00e5556bc6	4468	2234	4463	2231.5	4464	2232	4465	2232.5	2232.4998040689491505883066935003237893155911111174	valid
s2nperf	iouring	picoperf	2	9fb5bb7686a7348c42b5f7ad4d6526e539eddf2ba35f8bf609f553bec7fe469d	540da19ae0b947fa3e092df27a723ab3f54d23be36628d952e3e9473f53c3409	2512	1256	2512	1256	2508	1254	2511	1255.5	1255.374732289044265148617036202019096387920838207	valid
quicheperf	iouring	picoperf	2	9fb5bb7686a7348c42b5f7ad4d6526e539eddf2ba35f8bf609f553bec7fe469d	0d5999511d4a2ba77a24e72b46e01f790f192103f45a64aff235242fa2758c5f	3664	1832	3648	1824	3648	1824	3648	1824	1825.9967189170727243740071910673362388315000603114	valid
neqoperf	iouring	picoperf	2	9fb5bb7686a7348c42b5f7ad4d6526e539eddf2ba35f8bf609f553bec7fe469d	1713b25e0e02d908b16661f26d40478b2ccd3c5ecee24f1ff66a681e33468f96	1360	680	1360	680	1360	680	1376	688	681.99123653873107355892083394329829250402421653505	valid
tquicperf	iouring	picoperf	2	9fb5bb7686a7348c42b5f7ad4d6526e539eddf2ba35f8bf609f553bec7fe469d	cd0cff9f3bdbadba0172fd421be689b311b09b83683f0923267c6706877b0c4d	2608	1304	2608	1304	2592	1296	2592	1296	1299.9938461392807685570385644387737576906991919057	valid
noqperf	iouring	picoperf	2	9fb5bb7686a7348c42b5f7ad4d6526e539eddf2ba35f8bf609f553bec7fe469d	770b89cf608ed022d5460d3f1010f58b9d211a76fce67d244756bd34a374b785	304	152	304	152	292	146	288	144	148.45698318313119841257606249020710411305580787052	valid
lsperf	iouring	picoperf	2	9fb5bb7686a7348c42b5f7ad4d6526e539eddf2ba35f8bf609f553bec7fe469d	043bf6017a80a593342a9f8e03aa933104ef19d9ca738addcb59fe9167cf31cc	5360	2680	5344	2672	5344	2672	5344	2672	2673.99775840476061108901767821455110075532482506	valid
quiczigperf	iouring	picoperf	2	9fb5bb7686a7348c42b5f7ad4d6526e539eddf2ba35f8bf609f553bec7fe469d	61c409ad493891bdc0f3b35e4f8e1d2c73de001c9ebea7afdcfc13ee7adcbd2c	2944	1472	2947	1473.5	2944	1472	2944	1472	1472.3748567851899891481258539764544613873265972423	valid
ngtcp2perf	iouring	picoperf	2	9fb5bb7686a7348c42b5f7ad4d6526e539eddf2ba35f8bf609f553bec7fe469d	48eb3a9b03c566628c416f9563e218dd7f49055dbc2189794be25eacc43301b3	4096	2048	4096	2048	4112	2056	4096	2048	2049.9970769703446166952649220388470631867454559788	valid
mvfstperf	iouring	picoperf	2	9fb5bb7686a7348c42b5f7ad4d6526e539eddf2ba35f8bf609f553bec7fe469d	7ca54ee494fbc584e508ae04a4a43acd2355dda49f8bd3ce590cc880d7e85241	480	240	468	234	480	240	480	240	238.48572882966963222610761254383713451379577567386	valid
picoperf	iouring	ngtcp2perf	2	1b30663b57118276815b7954969d5d3effc0191c2df4a9717507fc5806b2f2e7	26c605e3e9369c98d79685699381fbae9adfc82f04f15a716784216aec362662	3344	1672	3344	1672	3344	1672	3358	1679	1673.7472592324147845654521509292539329832206040738	valid
xquicperf	iouring	ngtcp2perf	2	1b30663b57118276815b7954969d5d3effc0191c2df4a9717507fc5806b2f2e7	b2cfa803b06331ca5fea63e4c9acc41c2fbe2eef3e0351966a5bedbddf93f7d8	336	168	336	168	336	168	336	168	168	valid
quicheperf	iouring	ngtcp2perf	2	1b30663b57118276815b7954969d5d3effc0191c2df4a9717507fc5806b2f2e7	6a5c58f4747703028fe855eeafaff5280616abbde7e428eaaa73717a73a99cd2	3168	1584	3167	1583.5	3152	1576	3152	1576	1579.8702379951715801672483794865732560303048383508	valid
quinnperf	iouring	ngtcp2perf	2	1b30663b57118276815b7954969d5d3effc0191c2df4a9717507fc5806b2f2e7	77a67ebef564c6c845df49f1df41e5a80568c44f3e4aa3d01a34b078e3c5208e	432	216	432	216	432	216	432	216	216	valid
tquicperf	iouring	ngtcp2perf	2	1b30663b57118276815b7954969d5d3effc0191c2df4a9717507fc5806b2f2e7	a3619324ede19ec3a91cc8e02eedc0f1a181872dcb727a57c9dfa6ab6f0303a0	2496	1248	2496	1248	2496	1248	2496	1248	1248	valid
s2nperf	iouring	ngtcp2perf	2	1b30663b57118276815b7954969d5d3effc0191c2df4a9717507fc5806b2f2e7	48fcb82a9558703e18b9f359ff3dbfb21ffc407ea988dd97ed97b7c092e6c2b8	2240	1120	2240	1120	2240	1120	2240	1120	1120	valid
lsperf	iouring	ngtcp2perf	2	1b30663b57118276815b7954969d5d3effc0191c2df4a9717507fc5806b2f2e7	d670e0da2d6bb783621a04e245a211d6788161c9bae214515a122289c4db9666	5072	2536	5072	2536	5077	2538.5	5088	2544	2538.6228996368536503942293123570894642768438672548	valid
neqoperf	iouring	ngtcp2perf	2	1b30663b57118276815b7954969d5d3effc0191c2df4a9717507fc5806b2f2e7	d4b2c99340a13dc65073c3c12f1addbbb3adb38a1d0d8b536f2a3a495d263433	1280	640	1280	640	1280	640	1280	640	640	valid
ngtcp2perf	iouring	ngtcp2perf	2	1b30663b57118276815b7954969d5d3effc0191c2df4a9717507fc5806b2f2e7	ace8eb97250181503737950765d8045d57ab89dcd035cc59cfa26ae9103574ea	3584	1792	3584	1792	3600	1800	3600	1800	1795.9955456514918650801993915119436648428895077338	valid
noqperf	iouring	ngtcp2perf	2	1b30663b57118276815b7954969d5d3effc0191c2df4a9717507fc5806b2f2e7	b7f34ed29f873813b24a77daff28d896f40308f04bfa317d45fc7b3cf1b67471	272	136	272	136	256	128	272	136	133.9543044574830328092035414737117339714872274381	valid
mvfstperf	iouring	ngtcp2perf	2	1b30663b57118276815b7954969d5d3effc0191c2df4a9717507fc5806b2f2e7	443eba7015b791a35dd3c663a78a2220c849b40498b48c1c3262985d1a6d349c	432	216	433	216.5	448	224	432	216	218.09883981117088745726240579167900675274995045404	valid
quiczigperf	iouring	ngtcp2perf	2	1b30663b57118276815b7954969d5d3effc0191c2df4a9717507fc5806b2f2e7	2d58b8eeafd232369e834ae6046c2cf2f19aa2c8d8d43759ad80bce802dbd405	2368	1184	2368	1184	2360	1180	2368	1184	1182.9987306056043731244978192905132007779351228702	valid
quiczigperf	iouring	picoperf	2	4c0b1bdf145f5f24d8741cd9d628acef2fd52662f3f36534c6db80c49ef8f9b0	4d5a1a76e3718c046c043087ce6b6cae4fa9d950757680b3bceb76350d3d81ae	2977	1488.5	2976	1488	2991	1495.5	2976	1488	1489.9966078526848941782369401067178404559404715846	valid
mvfstperf	iouring	picoperf	2	4c0b1bdf145f5f24d8741cd9d628acef2fd52662f3f36534c6db80c49ef8f9b0	c42f490eff84e8cbd5a150dd96ffe005878e05324fa42a8ae5fe2372f0c8c8d8	464	232	464	232	464	232	480	240	233.97464612288603074109284682800515341725242509158	valid
noqperf	iouring	picoperf	2	4c0b1bdf145f5f24d8741cd9d628acef2fd52662f3f36534c6db80c49ef8f9b0	77139c57d2d69617d64d2a77fb952a4b51c44c214f1c6fdddd1532733cb61a2e	304	152	292	146	288	144	288	144	146.46381998932553898081409490793869066542500227778	valid
ngtcp2perf	iouring	picoperf	2	4c0b1bdf145f5f24d8741cd9d628acef2fd52662f3f36534c6db80c49ef8f9b0	08b247413e6f03354dd63836eed54f0a9e7e4c3b011184e0516ead149f0be46a	4100	2050	4096	2048	4112	2056	4112	2056	2052.4968936131961434443736968307631099301391989262	valid
neqoperf	iouring	picoperf	2	4c0b1bdf145f5f24d8741cd9d628acef2fd52662f3f36534c6db80c49ef8f9b0	23069002728d733fad2b8a75a6ca78c8a5352ab1de2e262e2eff32a61be9d603	1360	680	1360	680	1360	680	1376	688	681.99123653873107355892083394329829250402421653505	valid
lsperf	iouring	picoperf	2	4c0b1bdf145f5f24d8741cd9d628acef2fd52662f3f36534c6db80c49ef8f9b0	12de9e5938e77727e6ad3d9e864ed7b4e97c022621fab6a0d3e99b3da62696ab	5264	2632	5248	2624	5248	2624	5264	2632	2627.9969558582064689385231149691480064616576931078	valid
s2nperf	iouring	picoperf	2	4c0b1bdf145f5f24d8741cd9d628acef2fd52662f3f36534c6db80c49ef8f9b0	781ca0ee44798cda1b8ee0c8dd7074585cbdb6a33e6efa3faad48a38eef9f986	2520	1260	2524	1262	2521	1260.5	2520	1260	1260.6247336256402714653025790008581847331032343608	valid
tquicperf	iouring	picoperf	2	4c0b1bdf145f5f24d8741cd9d628acef2fd52662f3f36534c6db80c49ef8f9b0	4a533cea7d8a9c4c7d903e543785c1a0fe313b43a4829ff3bbf3c6b61954c62f	2592	1296	2592	1296	2592	1296	2607	1303.5	1297.8709446712191906091696623237184985475236798037	valid
quinnperf	iouring	picoperf	2	4c0b1bdf145f5f24d8741cd9d628acef2fd52662f3f36534c6db80c49ef8f9b0	9f105b0b892b8b2c2a9509651dcdcb18969824c11010221225310ace2626e78b	432	216	448	224	448	224	448	224	221.9726421705278340601877893531235362028656477405	valid
quicheperf	iouring	picoperf	2	4c0b1bdf145f5f24d8741cd9d628acef2fd52662f3f36534c6db80c49ef8f9b0	ee5be96ba805e0b5059a5fe5fd5f5a01970cce151cfa2959df6eee331ee46663	3648	1824	3648	1824	3648	1824	3648	1824	1824	valid
xquicperf	iouring	picoperf	2	4c0b1bdf145f5f24d8741cd9d628acef2fd52662f3f36534c6db80c49ef8f9b0	96dcc8e4d526f3a5f4d2f4c1ed569b74eff3270fe6cc4536497176249634ec4d	368	184	368	184	381	190.5	368	184	185.60390627082497660264140375454630576787910073068	valid
picoperf	iouring	picoperf	2	4c0b1bdf145f5f24d8741cd9d628acef2fd52662f3f36534c6db80c49ef8f9b0	9fed8bf5e74befab35f66af8d9b9f39bc1dfb9dc04f1b7656c449364c964d7ac	4544	2272	4530	2265	4528	2264	4533	2266.5	2266.8728959519164560570113290651393339374761021278	valid
