estimand	server	server_backend	scenario	path_profile	phase	load	metric	planned	committed	valid	geometric_mean	status	quality_labels
fixed_treatment_server	lsperf	iouring	bidi	loopback	confirmatory	16	validated_body_bits_per_second	24	24	24	1652765440.5578418	complete	
fixed_treatment_server	lsperf	iouring	close_reset_cleanup	loopback	confirmatory	16	cleanup_geometric_mean_operations_per_second	24	24	24	2613.9885554894231	complete	
fixed_treatment_server	lsperf	iouring	connect	loopback	confirmatory	16	validated_operations_per_second	24	24	24	4983.238083797045	complete	
fixed_treatment_server	lsperf	iouring	datagram	loopback	confirmatory	16	validated_operations_per_second	24	24	24	239387.76890177224	complete	
fixed_treatment_server	lsperf	iouring	download	loopback	confirmatory	16	validated_body_bits_per_second	24	24	24	1644622965.1599302	complete	
fixed_treatment_server	lsperf	iouring	flow_control	loopback	confirmatory	16	validated_body_bits_per_second	24	24	24	914027338.09262335	complete	
fixed_treatment_server	lsperf	iouring	loss_recovery	loss_recovery_v1	confirmatory	16	validated_body_bits_per_second	24	24	24	173176845.41647109	complete	
fixed_treatment_server	lsperf	iouring	multistream_download	loopback	confirmatory	16	validated_body_bits_per_second	24	24	24	1357762897.2063303	complete	
fixed_treatment_server	lsperf	iouring	multistream_upload	loopback	confirmatory	16	validated_body_bits_per_second	24	24	24	689791539.46349633	complete	
fixed_treatment_server	lsperf	iouring	reqresp	loopback	confirmatory	16	validated_operations_per_second	24	24	24	46490.197140429897	complete	
fixed_treatment_server	lsperf	iouring	resumed_connect	loopback	confirmatory	16	validated_operations_per_second	24	24	24	4704.409759987192	complete	
fixed_treatment_server	lsperf	iouring	small_payload_pps	loopback	confirmatory	16	validated_operations_per_second	24	24	24	160942.90485282554	complete	
fixed_treatment_server	lsperf	iouring	stream_churn	loopback	confirmatory	16	validated_operations_per_second	24	24	24	51151.675292927088	complete	
fixed_treatment_server	lsperf	iouring	upload	loopback	confirmatory	16	validated_body_bits_per_second	24	24	24	1003171755.4914031	complete	
fixed_treatment_server	lsperf	iouring	zero_rtt_reqresp	loopback	confirmatory	16	validated_operations_per_second	24	24	24	4660.4980515745638	complete	
fixed_treatment_server	mvfstperf	iouring	bidi	loopback	confirmatory	16	validated_body_bits_per_second	24	24	24	643654121.5886004	complete	
fixed_treatment_server	mvfstperf	iouring	close_reset_cleanup	loopback	confirmatory	16	cleanup_geometric_mean_operations_per_second	24	24	24	224.81879071614645	complete	
fixed_treatment_server	mvfstperf	iouring	connect	loopback	confirmatory	16	validated_operations_per_second	24	24	24	267.72591787147024	complete	
fixed_treatment_server	mvfstperf	iouring	datagram	loopback	confirmatory	16	validated_operations_per_second	24	24	24	53763.962417923161	complete	
fixed_treatment_server	mvfstperf	iouring	download	loopback	confirmatory	16	validated_body_bits_per_second	24	24	24	851609359.71588647	complete	
fixed_treatment_server	mvfstperf	iouring	flow_control	loopback	confirmatory	16	validated_body_bits_per_second	24	24	24	551693511.42895639	complete	
fixed_treatment_server	mvfstperf	iouring	loss_recovery	loss_recovery_v1	confirmatory	16	validated_body_bits_per_second	24	24	24	85485450.030612648	complete	
fixed_treatment_server	mvfstperf	iouring	multistream_download	loopback	confirmatory	16	validated_body_bits_per_second	24	24	24	593039943.3007654	complete	
fixed_treatment_server	mvfstperf	iouring	multistream_upload	loopback	confirmatory	16	validated_body_bits_per_second	24	24	24	286920712.85714066	complete	
fixed_treatment_server	mvfstperf	iouring	reqresp	loopback	confirmatory	16	validated_operations_per_second	24	24	24	22158.230686652616	complete	
fixed_treatment_server	mvfstperf	iouring	resumed_connect	loopback	confirmatory	16	validated_operations_per_second	24	24	24	271.04311887660873	complete	
fixed_treatment_server	mvfstperf	iouring	small_payload_pps	loopback	confirmatory	16	validated_operations_per_second	24	24	24	82342.56858130722	complete	
fixed_treatment_server	mvfstperf	iouring	stream_churn	loopback	confirmatory	16	validated_operations_per_second	24	24	24	23442.270405156898	complete	
fixed_treatment_server	mvfstperf	iouring	upload	loopback	confirmatory	16	validated_body_bits_per_second	24	24	24	552857726.471385	complete	
fixed_treatment_server	mvfstperf	iouring	zero_rtt_reqresp	loopback	confirmatory	16	validated_operations_per_second	24	24	24	248.33316169947975	complete	
fixed_treatment_server	neqoperf	iouring	bidi	loopback	confirmatory	16	validated_body_bits_per_second	24	24	24	536808877.40959173	complete	
fixed_treatment_server	neqoperf	iouring	close_reset_cleanup	loopback	confirmatory	16	cleanup_geometric_mean_operations_per_second	24	24	24	661.49103866541952	complete	
fixed_treatment_server	neqoperf	iouring	connect	loopback	confirmatory	16	validated_operations_per_second	24	24	24	908.63667549073637	complete	
fixed_treatment_server	neqoperf	iouring	datagram	loopback	confirmatory	16	validated_operations_per_second	24	24	24	97236.471124473232	complete	
fixed_treatment_server	neqoperf	iouring	download	loopback	confirmatory	16	validated_body_bits_per_second	24	24	24	654677423.41074657	complete	
fixed_treatment_server	neqoperf	iouring	flow_control	loopback	confirmatory	16	validated_body_bits_per_second	24	24	24	378779774.68921775	complete	
fixed_treatment_server	neqoperf	iouring	loss_recovery	loss_recovery_v1	confirmatory	16	validated_body_bits_per_second	24	24	24	82658123.690709606	complete	
fixed_treatment_server	neqoperf	iouring	multistream_download	loopback	confirmatory	16	validated_body_bits_per_second	24	24	24	320921407.86705327	complete	
fixed_treatment_server	neqoperf	iouring	multistream_upload	loopback	confirmatory	16	validated_body_bits_per_second	24	24	24	212458591.25083828	complete	
fixed_treatment_server	neqoperf	iouring	reqresp	loopback	confirmatory	16	validated_operations_per_second	24	24	24	11393.798984913363	complete	
fixed_treatment_server	neqoperf	iouring	resumed_connect	loopback	confirmatory	16	validated_operations_per_second	24	24	24	871.20578010455915	complete	
fixed_treatment_server	neqoperf	iouring	small_payload_pps	loopback	confirmatory	16	validated_operations_per_second	24	24	24	65928.505372558691	complete	
fixed_treatment_server	neqoperf	iouring	stream_churn	loopback	confirmatory	16	validated_operations_per_second	24	24	24	11311.87206690426	complete	
fixed_treatment_server	neqoperf	iouring	upload	loopback	confirmatory	16	validated_body_bits_per_second	24	24	24	366814340.57959914	complete	
fixed_treatment_server	neqoperf	iouring	zero_rtt_reqresp	loopback	confirmatory	16	validated_operations_per_second	24	24	24	802.70402410354347	complete	
fixed_treatment_server	ngtcp2perf	iouring	bidi	loopback	confirmatory	16	validated_body_bits_per_second	24	24	24	665637792.14149654	complete	
fixed_treatment_server	ngtcp2perf	iouring	close_reset_cleanup	loopback	confirmatory	16	cleanup_geometric_mean_operations_per_second	24	24	24	1923.252216496832	complete	
fixed_treatment_server	ngtcp2perf	iouring	connect	loopback	confirmatory	16	validated_operations_per_second	24	24	24	4274.9093752025547	complete	
fixed_treatment_server	ngtcp2perf	iouring	datagram	loopback	confirmatory	16	validated_operations_per_second	24	24	24	87686.683242384854	complete	
fixed_treatment_server	ngtcp2perf	iouring	download	loopback	confirmatory	16	validated_body_bits_per_second	24	24	24	795729172.01680458	complete	
fixed_treatment_server	ngtcp2perf	iouring	flow_control	loopback	confirmatory	16	validated_body_bits_per_second	24	24	24	458548526.32629758	complete	
fixed_treatment_server	ngtcp2perf	iouring	loss_recovery	loss_recovery_v1	confirmatory	16	validated_body_bits_per_second	24	24	24	100881322.72168429	complete	
fixed_treatment_server	ngtcp2perf	iouring	multistream_download	loopback	confirmatory	16	validated_body_bits_per_second	24	24	24	762770603.01420712	complete	
fixed_treatment_server	ngtcp2perf	iouring	multistream_upload	loopback	confirmatory	16	validated_body_bits_per_second	24	24	24	681919048.83367538	complete	
fixed_treatment_server	ngtcp2perf	iouring	reqresp	loopback	confirmatory	16	validated_operations_per_second	24	24	24	21216.224463451552	complete	
fixed_treatment_server	ngtcp2perf	iouring	resumed_connect	loopback	confirmatory	16	validated_operations_per_second	24	24	24	4549.434499792721	complete	
fixed_treatment_server	ngtcp2perf	iouring	small_payload_pps	loopback	confirmatory	16	validated_operations_per_second	24	24	24	140882.20779348011	complete	
fixed_treatment_server	ngtcp2perf	iouring	stream_churn	loopback	confirmatory	16	validated_operations_per_second	24	24	24	21433.604922186023	complete	
fixed_treatment_server	ngtcp2perf	iouring	upload	loopback	confirmatory	16	validated_body_bits_per_second	24	24	24	896524897.41698933	complete	
fixed_treatment_server	ngtcp2perf	iouring	zero_rtt_reqresp	loopback	confirmatory	16	validated_operations_per_second	24	24	24	3643.5771039649494	complete	
fixed_treatment_server	noqperf	iouring	bidi	loopback	confirmatory	16	validated_body_bits_per_second	24	24	24	335764595.1433683	complete	
fixed_treatment_server	noqperf	iouring	close_reset_cleanup	loopback	confirmatory	16	cleanup_geometric_mean_operations_per_second	24	24	24	139.9636327152283	complete	
fixed_treatment_server	noqperf	iouring	connect	loopback	confirmatory	16	validated_operations_per_second	24	24	24	319.32988946945432	complete	
fixed_treatment_server	noqperf	iouring	datagram	loopback	confirmatory	16	validated_operations_per_second	24	24	24	54026.828704914573	complete	
fixed_treatment_server	noqperf	iouring	download	loopback	confirmatory	16	validated_body_bits_per_second	24	24	24	522453886.89604247	complete	
fixed_treatment_server	noqperf	iouring	flow_control	loopback	confirmatory	16	validated_body_bits_per_second	24	24	24	279253278.42149931	complete	
fixed_treatment_server	noqperf	iouring	loss_recovery	loss_recovery_v1	confirmatory	16	validated_body_bits_per_second	24	24	24	100983647.87868282	complete	
fixed_treatment_server	noqperf	iouring	multistream_download	loopback	confirmatory	16	validated_body_bits_per_second	24	24	24	258568089.4131037	complete	
fixed_treatment_server	noqperf	iouring	multistream_upload	loopback	confirmatory	16	validated_body_bits_per_second	24	24	24	96573376.324171036	complete	
fixed_treatment_server	noqperf	iouring	reqresp	loopback	confirmatory	16	validated_operations_per_second	24	24	24	10200.177857467112	complete	
fixed_treatment_server	noqperf	iouring	resumed_connect	loopback	confirmatory	16	validated_operations_per_second	24	24	24	322.43752848122489	complete	
fixed_treatment_server	noqperf	iouring	small_payload_pps	loopback	confirmatory	16	validated_operations_per_second	24	24	24	37099.986415910775	complete	
fixed_treatment_server	noqperf	iouring	stream_churn	loopback	confirmatory	16	validated_operations_per_second	24	24	24	10002.125188222892	complete	
fixed_treatment_server	noqperf	iouring	upload	loopback	confirmatory	16	validated_body_bits_per_second	24	24	24	216697358.11430383	complete	
fixed_treatment_server	noqperf	iouring	zero_rtt_reqresp	loopback	confirmatory	16	validated_operations_per_second	24	24	24	287.41568395336765	complete	
fixed_treatment_server	picoperf	iouring	bidi	loopback	confirmatory	16	validated_body_bits_per_second	24	24	24	1147563882.5036211	complete	
fixed_treatment_server	picoperf	iouring	close_reset_cleanup	loopback	confirmatory	16	cleanup_geometric_mean_operations_per_second	24	24	24	1938.3459656379109	complete	
fixed_treatment_server	picoperf	iouring	connect	loopback	confirmatory	16	validated_operations_per_second	24	24	24	3190.6905548820209	complete	
fixed_treatment_server	picoperf	iouring	datagram	loopback	confirmatory	16	validated_operations_per_second	24	24	24	272391.90400269954	complete	
fixed_treatment_server	picoperf	iouring	download	loopback	confirmatory	16	validated_body_bits_per_second	24	24	24	1158828858.017669	complete	
fixed_treatment_server	picoperf	iouring	flow_control	loopback	confirmatory	16	validated_body_bits_per_second	24	24	24	951818012.49402773	complete	
fixed_treatment_server	picoperf	iouring	loss_recovery	loss_recovery_v1	confirmatory	16	validated_body_bits_per_second	24	24	24	748251938.65903389	complete	
fixed_treatment_server	picoperf	iouring	multistream_download	loopback	confirmatory	16	validated_body_bits_per_second	24	24	24	835739630.57711184	complete	
fixed_treatment_server	picoperf	iouring	multistream_upload	loopback	confirmatory	16	validated_body_bits_per_second	24	24	24	975024482.09493709	complete	
fixed_treatment_server	picoperf	iouring	reqresp	loopback	confirmatory	16	validated_operations_per_second	24	24	24	44421.340150032047	complete	
fixed_treatment_server	picoperf	iouring	resumed_connect	loopback	confirmatory	16	validated_operations_per_second	24	24	24	3741.0035978630594	complete	
fixed_treatment_server	picoperf	iouring	small_payload_pps	loopback	confirmatory	16	validated_operations_per_second	24	24	24	223005.65002185031	complete	
fixed_treatment_server	picoperf	iouring	stream_churn	loopback	confirmatory	16	validated_operations_per_second	24	24	24	47130.566600581566	complete	
fixed_treatment_server	picoperf	iouring	upload	loopback	confirmatory	16	validated_body_bits_per_second	24	24	24	1571381865.4491165	complete	
fixed_treatment_server	picoperf	iouring	zero_rtt_reqresp	loopback	confirmatory	16	validated_operations_per_second	24	24	24	3586.4400815532472	complete	
fixed_treatment_server	quicheperf	iouring	bidi	loopback	confirmatory	16	validated_body_bits_per_second	24	24	24	668735830.80922353	complete	
fixed_treatment_server	quicheperf	iouring	close_reset_cleanup	loopback	confirmatory	16	cleanup_geometric_mean_operations_per_second	24	24	24	1693.7157218213551	complete	
fixed_treatment_server	quicheperf	iouring	connect	loopback	confirmatory	16	validated_operations_per_second	24	24	24	600.69782475516752	complete	
fixed_treatment_server	quicheperf	iouring	datagram	loopback	confirmatory	16	validated_operations_per_second	24	24	24	139292.07217829916	complete	
fixed_treatment_server	quicheperf	iouring	download	loopback	confirmatory	16	validated_body_bits_per_second	24	24	24	830909607.45037043	complete	
fixed_treatment_server	quicheperf	iouring	flow_control	loopback	confirmatory	16	validated_body_bits_per_second	24	24	24	605586738.45903349	complete	
fixed_treatment_server	quicheperf	iouring	loss_recovery	loss_recovery_v1	confirmatory	16	validated_body_bits_per_second	24	24	24	466505328.11055452	complete	
fixed_treatment_server	quicheperf	iouring	multistream_download	loopback	confirmatory	16	validated_body_bits_per_second	24	24	24	497450143.42562014	complete	
fixed_treatment_server	quicheperf	iouring	multistream_upload	loopback	confirmatory	16	validated_body_bits_per_second	24	24	24	283401441.55458176	complete	
fixed_treatment_server	quicheperf	iouring	reqresp	loopback	confirmatory	16	validated_operations_per_second	24	24	24	24813.171093317593	complete	
fixed_treatment_server	quicheperf	iouring	resumed_connect	loopback	confirmatory	16	validated_operations_per_second	24	24	24	577.92909720775174	complete	
fixed_treatment_server	quicheperf	iouring	small_payload_pps	loopback	confirmatory	16	validated_operations_per_second	24	24	24	103237.83582013051	complete	
fixed_treatment_server	quicheperf	iouring	stream_churn	loopback	confirmatory	16	validated_operations_per_second	24	24	24	26180.281659472519	complete	
fixed_treatment_server	quicheperf	iouring	upload	loopback	confirmatory	16	validated_body_bits_per_second	24	24	24	504579846.13325214	complete	
fixed_treatment_server	quicheperf	iouring	zero_rtt_reqresp	loopback	confirmatory	16	validated_operations_per_second	24	24	24	1492.9103260372269	complete	
fixed_treatment_server	quiczigperf	iouring	bidi	loopback	confirmatory	16	validated_body_bits_per_second	24	24	24	848082745.65944469	complete	
fixed_treatment_server	quiczigperf	iouring	close_reset_cleanup	loopback	confirmatory	16	cleanup_geometric_mean_operations_per_second	24	24	24	1328.9796846289453	complete	
fixed_treatment_server	quiczigperf	iouring	connect	loopback	confirmatory	16	validated_operations_per_second	24	24	24	1697.7022180696717	complete	
fixed_treatment_server	quiczigperf	iouring	datagram	loopback	confirmatory	16	validated_operations_per_second	24	24	24	149355.81755725489	complete	
fixed_treatment_server	quiczigperf	iouring	download	loopback	confirmatory	16	validated_body_bits_per_second	24	24	24	1042954334.570698	complete	
fixed_treatment_server	quiczigperf	iouring	flow_control	loopback	confirmatory	16	validated_body_bits_per_second	24	24	24	519156254.56288612	complete	
fixed_treatment_server	quiczigperf	iouring	loss_recovery	loss_recovery_v1	confirmatory	16	validated_body_bits_per_second	24	24	24	121127923.89009526	complete	
fixed_treatment_server	quiczigperf	iouring	multistream_download	loopback	confirmatory	16	validated_body_bits_per_second	24	24	24	659239691.98941302	complete	
fixed_treatment_server	quiczigperf	iouring	multistream_upload	loopback	confirmatory	16	validated_body_bits_per_second	24	24	24	408577484.76460588	complete	
fixed_treatment_server	quiczigperf	iouring	reqresp	loopback	confirmatory	16	validated_operations_per_second	24	24	24	2143.8035395972288	complete	
fixed_treatment_server	quiczigperf	iouring	resumed_connect	loopback	confirmatory	16	validated_operations_per_second	24	24	24	1782.2339507715612	complete	
fixed_treatment_server	quiczigperf	iouring	small_payload_pps	loopback	confirmatory	16	validated_operations_per_second	24	24	24	119638.76724362504	complete	
fixed_treatment_server	quiczigperf	iouring	stream_churn	loopback	confirmatory	16	validated_operations_per_second	24	24	24	2134.6548060659593	complete	
fixed_treatment_server	quiczigperf	iouring	upload	loopback	confirmatory	16	validated_body_bits_per_second	24	24	24	590267192.77041328	complete	
fixed_treatment_server	quiczigperf	iouring	zero_rtt_reqresp	loopback	confirmatory	16	validated_operations_per_second	24	24	24	1610.5102944460059	complete	
fixed_treatment_server	quinnperf	iouring	bidi	loopback	confirmatory	16	validated_body_bits_per_second	24	24	24	524081448.32925349	complete	
fixed_treatment_server	quinnperf	iouring	close_reset_cleanup	loopback	confirmatory	16	cleanup_geometric_mean_operations_per_second	24	24	24	215.91177375563282	complete	
fixed_treatment_server	quinnperf	iouring	connect	loopback	confirmatory	16	validated_operations_per_second	24	24	24	451.60598351083848	complete	
fixed_treatment_server	quinnperf	iouring	datagram	loopback	confirmatory	16	validated_operations_per_second	24	24	24	92494.137934448896	complete	
fixed_treatment_server	quinnperf	iouring	download	loopback	confirmatory	16	validated_body_bits_per_second	24	24	24	700332725.02026081	complete	
fixed_treatment_server	quinnperf	iouring	flow_control	loopback	confirmatory	16	validated_body_bits_per_second	24	24	24	425311692.57236862	complete	
fixed_treatment_server	quinnperf	iouring	loss_recovery	loss_recovery_v1	confirmatory	16	validated_body_bits_per_second	24	24	24	102410612.72857869	complete	
fixed_treatment_server	quinnperf	iouring	multistream_download	loopback	confirmatory	16	validated_body_bits_per_second	24	24	24	369752994.05441904	complete	
fixed_treatment_server	quinnperf	iouring	multistream_upload	loopback	confirmatory	16	validated_body_bits_per_second	24	24	24	170933210.8878952	complete	
fixed_treatment_server	quinnperf	iouring	reqresp	loopback	confirmatory	16	validated_operations_per_second	24	24	24	17736.820040840488	complete	
fixed_treatment_server	quinnperf	iouring	resumed_connect	loopback	confirmatory	16	validated_operations_per_second	24	24	24	453.39786392197999	complete	
fixed_treatment_server	quinnperf	iouring	small_payload_pps	loopback	confirmatory	16	validated_operations_per_second	24	24	24	61659.414525019594	complete	
fixed_treatment_server	quinnperf	iouring	stream_churn	loopback	confirmatory	16	validated_operations_per_second	24	24	24	16294.787610790341	complete	
fixed_treatment_server	quinnperf	iouring	upload	loopback	confirmatory	16	validated_body_bits_per_second	24	24	24	375299121.99102503	complete	
fixed_treatment_server	quinnperf	iouring	zero_rtt_reqresp	loopback	confirmatory	16	validated_operations_per_second	24	24	24	385.02764007547165	complete	
fixed_treatment_server	s2nperf	iouring	bidi	loopback	confirmatory	16	validated_body_bits_per_second	24	24	24	1125439911.7472563	complete	
fixed_treatment_server	s2nperf	iouring	close_reset_cleanup	loopback	confirmatory	16	cleanup_geometric_mean_operations_per_second	24	24	24	1212.2146167497431	complete	
fixed_treatment_server	s2nperf	iouring	connect	loopback	confirmatory	16	validated_operations_per_second	24	24	24	4456.4111548477631	complete	
fixed_treatment_server	s2nperf	iouring	datagram	loopback	confirmatory	16	validated_operations_per_second	24	24	24	128349.47516788321	complete	
fixed_treatment_server	s2nperf	iouring	download	loopback	confirmatory	16	validated_body_bits_per_second	24	24	24	1184314125.7283857	complete	
fixed_treatment_server	s2nperf	iouring	flow_control	loopback	confirmatory	16	validated_body_bits_per_second	24	24	24	574207355.94864058	complete	
fixed_treatment_server	s2nperf	iouring	loss_recovery	loss_recovery_v1	confirmatory	16	validated_body_bits_per_second	24	24	24	90074854.690022215	complete	
fixed_treatment_server	s2nperf	iouring	multistream_download	loopback	confirmatory	16	validated_body_bits_per_second	24	24	24	515159974.39734477	complete	
fixed_treatment_server	s2nperf	iouring	multistream_upload	loopback	confirmatory	16	validated_body_bits_per_second	24	24	24	235035293.64941338	complete	
fixed_treatment_server	s2nperf	iouring	reqresp	loopback	confirmatory	16	validated_operations_per_second	24	24	24	17341.570898200662	complete	
fixed_treatment_server	s2nperf	iouring	resumed_connect	loopback	confirmatory	16	validated_operations_per_second	24	24	24	4657.90287663445	complete	
fixed_treatment_server	s2nperf	iouring	small_payload_pps	loopback	confirmatory	16	validated_operations_per_second	24	24	24	77511.336062401315	complete	
fixed_treatment_server	s2nperf	iouring	stream_churn	loopback	confirmatory	16	validated_operations_per_second	24	24	24	17948.020501426621	complete	
fixed_treatment_server	s2nperf	iouring	upload	loopback	confirmatory	16	validated_body_bits_per_second	24	24	24	538023719.29455113	complete	
fixed_treatment_server	s2nperf	iouring	zero_rtt_reqresp	loopback	confirmatory	16	validated_operations_per_second	24	24	24	1486.7960247528858	complete	
fixed_treatment_server	tquicperf	iouring	bidi	loopback	confirmatory	16	validated_body_bits_per_second	24	24	24	508115920.22831428	complete	
fixed_treatment_server	tquicperf	iouring	close_reset_cleanup	loopback	confirmatory	16	cleanup_geometric_mean_operations_per_second	24	24	24	1266.0762596535835	complete	
fixed_treatment_server	tquicperf	iouring	connect	loopback	confirmatory	16	validated_operations_per_second	24	24	24	2849.712420522384	complete	
fixed_treatment_server	tquicperf	iouring	datagram	loopback	confirmatory	16	validated_operations_per_second	24	24	24	49283.833125312674	complete	
fixed_treatment_server	tquicperf	iouring	download	loopback	confirmatory	16	validated_body_bits_per_second	24	24	24	886765408.38542044	complete	
fixed_treatment_server	tquicperf	iouring	flow_control	loopback	confirmatory	16	validated_body_bits_per_second	24	24	24	527781091.48746353	complete	
fixed_treatment_server	tquicperf	iouring	loss_recovery	loss_recovery_v1	confirmatory	16	validated_body_bits_per_second	24	24	24	110855082.29363254	complete	
fixed_treatment_server	tquicperf	iouring	multistream_download	loopback	confirmatory	16	validated_body_bits_per_second	24	24	24	672280766.2539469	complete	
fixed_treatment_server	tquicperf	iouring	multistream_upload	loopback	confirmatory	16	validated_body_bits_per_second	24	24	24	312669722.97207552	complete	
fixed_treatment_server	tquicperf	iouring	reqresp	loopback	confirmatory	16	validated_operations_per_second	24	24	24	20463.213120986529	complete	
fixed_treatment_server	tquicperf	iouring	resumed_connect	loopback	confirmatory	16	validated_operations_per_second	24	24	24	2847.4901559055593	complete	
fixed_treatment_server	tquicperf	iouring	small_payload_pps	loopback	confirmatory	16	validated_operations_per_second	24	24	24	71809.107130519435	complete	
fixed_treatment_server	tquicperf	iouring	stream_churn	loopback	confirmatory	16	validated_operations_per_second	24	24	24	20841.548774366674	complete	
fixed_treatment_server	tquicperf	iouring	upload	loopback	confirmatory	16	validated_body_bits_per_second	24	24	24	445417212.19156885	complete	
fixed_treatment_server	tquicperf	iouring	zero_rtt_reqresp	loopback	confirmatory	16	validated_operations_per_second	24	24	24	1643.8078573272733	complete	
fixed_treatment_server	xquicperf	iouring	bidi	loopback	confirmatory	16	validated_body_bits_per_second	24	24	24	345446853.55675071	complete	
fixed_treatment_server	xquicperf	iouring	close_reset_cleanup	loopback	confirmatory	16	cleanup_geometric_mean_operations_per_second	24	24	24	176.05841714183975	complete	
fixed_treatment_server	xquicperf	iouring	connect	loopback	confirmatory	16	validated_operations_per_second	24	24	24	285.6557603807052	complete	
fixed_treatment_server	xquicperf	iouring	datagram	loopback	confirmatory	16	validated_operations_per_second	24	24	24	8953.1558073332344	complete	
fixed_treatment_server	xquicperf	iouring	download	loopback	confirmatory	16	validated_body_bits_per_second	24	24	24	686696422.56743968	complete	
fixed_treatment_server	xquicperf	iouring	flow_control	loopback	confirmatory	16	validated_body_bits_per_second	24	24	24	151169912.73711357	complete	
fixed_treatment_server	xquicperf	iouring	loss_recovery	loss_recovery_v1	confirmatory	16	validated_body_bits_per_second	24	24	24	118209408.38795319	complete	
fixed_treatment_server	xquicperf	iouring	multistream_download	loopback	confirmatory	16	validated_body_bits_per_second	24	24	24	581292910.18676019	complete	
fixed_treatment_server	xquicperf	iouring	multistream_upload	loopback	confirmatory	16	validated_body_bits_per_second	24	24	24	104093128.57903901	complete	
fixed_treatment_server	xquicperf	iouring	reqresp	loopback	confirmatory	16	validated_operations_per_second	24	24	24	3487.1088896403462	complete	
fixed_treatment_server	xquicperf	iouring	resumed_connect	loopback	confirmatory	16	validated_operations_per_second	24	24	24	287.21374411669404	complete	
fixed_treatment_server	xquicperf	iouring	small_payload_pps	loopback	confirmatory	16	validated_operations_per_second	24	24	24	17988.98944903884	complete	
fixed_treatment_server	xquicperf	iouring	stream_churn	loopback	confirmatory	16	validated_operations_per_second	24	24	24	3384.5904036705201	complete	
fixed_treatment_server	xquicperf	iouring	upload	loopback	confirmatory	16	validated_body_bits_per_second	24	24	24	108553941.79402874	complete	
fixed_treatment_server	xquicperf	iouring	zero_rtt_reqresp	loopback	confirmatory	16	validated_operations_per_second	24	24	24	240.22531967927131	complete	
