binary	scenario	network	path_profile	status	reason	client_threads	mode	duration_ms	work_units	samples	warmup	block_count	target_bytes	target_operations	target_connections	idle_hold_ms	timeout_sec	selected_threads	best_threads
s2nperf	download	syscall	loopback	ok	within_0.020_of_best_next_lt_0.020	2	duration	2000		20	1	5				5000		2	2
s2nperf	download	iouring	loopback	ok	within_0.020_of_best_next_lt_0.020	1	duration	2000		20	1	5				5000		1	1
s2nperf	upload	syscall	loopback	ok	within_0.020_of_best_next_lt_0.020	2	duration	2000		20	1	5				5000		2	2
s2nperf	upload	iouring	loopback	ok	within_0.020_of_best_next_lt_0.020	2	duration	2000		20	1	5				5000		2	2
s2nperf	connect	syscall	loopback	ok	within_0.020_of_best_next_lt_0.020	16	work		8	20	1	5			8	5000		16	16
s2nperf	connect	iouring	loopback	ok	within_0.020_of_best_next_lt_0.020	16	work		8	20	1	5			8	5000		16	16
s2nperf	reqresp	syscall	loopback	ok	within_0.020_of_best_next_lt_0.020	4	duration	2000		20	1	5				5000		4	4
s2nperf	reqresp	iouring	loopback	ok	within_0.020_of_best_next_lt_0.020	4	duration	2000		20	1	5				5000		4	8
s2nperf	stream_churn	syscall	loopback	ok	within_0.020_of_best_next_lt_0.020	4	duration	2000		20	1	5				5000		4	4
s2nperf	stream_churn	iouring	loopback	ok	within_0.020_of_best_next_lt_0.020	4	duration	2000		20	1	5				5000		4	4
s2nperf	multistream_download	syscall	loopback	ok	within_0.020_of_best_next_lt_0.020	16	duration	2000		20	1	5				5000		16	16
s2nperf	multistream_download	iouring	loopback	ok	within_0.020_of_best_next_lt_0.020	16	duration	2000		20	1	5				5000		16	16
s2nperf	multistream_upload	syscall	loopback	ok	within_0.020_of_best_next_lt_0.020	16	duration	2000		20	1	5				5000		16	16
s2nperf	multistream_upload	iouring	loopback	ok	within_0.020_of_best_next_lt_0.020	16	duration	2000		20	1	5				5000		16	16
s2nperf	bidi	syscall	loopback	ok	within_0.020_of_best_next_lt_0.020	16	duration	2000		20	1	5				5000		16	16
s2nperf	bidi	iouring	loopback	ok	within_0.020_of_best_next_lt_0.020	16	duration	2000		20	1	5				5000		16	16
s2nperf	small_payload_pps	syscall	loopback	ok	within_0.020_of_best_next_lt_0.020	4	duration	2000		20	1	5				5000		4	4
s2nperf	small_payload_pps	iouring	loopback	ok	within_0.020_of_best_next_lt_0.020	4	duration	2000		20	1	5				5000		4	4
s2nperf	loss_recovery	syscall	loopback	ok	within_0.020_of_best_next_lt_0.020	2	duration	5000		20	1	5				5000		2	2
s2nperf	loss_recovery	iouring	loopback	ok	within_0.020_of_best_next_lt_0.020	2	duration	5000		20	1	5				5000		2	8
s2nperf	flow_control	syscall	loopback	ok	within_0.020_of_best_next_lt_0.020	2	duration	2000		20	1	5				5000		2	2
s2nperf	flow_control	iouring	loopback	ok	within_0.020_of_best_next_lt_0.020	2	duration	2000		20	1	5				5000		2	2
s2nperf	resumed_connect	syscall	loopback	ok	within_0.020_of_best_next_lt_0.020	16	work		2	20	1	5			2	5000		16	16
s2nperf	resumed_connect	iouring	loopback	ok	within_0.020_of_best_next_lt_0.020	16	work		2	20	1	5			2	5000		16	16
s2nperf	zero_rtt_reqresp	syscall	loopback	ok	within_0.020_of_best_next_lt_0.020	4	duration	2000		20	1	5				5000		4	4
s2nperf	zero_rtt_reqresp	iouring	loopback	ok	within_0.020_of_best_next_lt_0.020	4	duration	2000		20	1	5				5000		4	4
s2nperf	datagram	syscall	loopback	ok	within_0.020_of_best_next_lt_0.020	4	duration	2000		20	1	5				5000		4	4
s2nperf	datagram	iouring	loopback	ok	within_0.020_of_best_next_lt_0.020	8	duration	2000		20	1	5				5000		8	8
s2nperf	idle_footprint	syscall	loopback	ok	within_0.020_of_best_next_lt_0.020	16	work			20	1	5				5000		16	16
s2nperf	idle_footprint	iouring	loopback	ok	within_0.020_of_best_next_lt_0.020	16	work			20	1	5				5000		16	16
s2nperf	close_reset_cleanup	syscall	loopback	ok	within_0.020_of_best_next_lt_0.020	4	duration	2000		20	1	5				5000		4	8
s2nperf	close_reset_cleanup	iouring	loopback	ok	within_0.020_of_best_next_lt_0.020	4	duration	2000		20	1	5				5000		4	4
neqoperf	download	syscall	loopback	ok	within_0.020_of_best_next_lt_0.020	1	duration	2000		20	1	5				5000		1	1
neqoperf	download	iouring	loopback	ok	within_0.020_of_best_next_lt_0.020	1	duration	2000		20	1	5				5000		1	1
neqoperf	upload	syscall	loopback	ok	within_0.020_of_best_next_lt_0.020	1	duration	2000		20	1	5				5000		1	1
neqoperf	upload	iouring	loopback	ok	within_0.020_of_best_next_lt_0.020	1	duration	2000		20	1	5				5000		1	1
neqoperf	connect	syscall	loopback	ok	within_0.020_of_best_next_lt_0.020	16	work		8	20	1	5			8	5000		16	16
neqoperf	connect	iouring	loopback	ok	within_0.020_of_best_next_lt_0.020	16	work		8	20	1	5			8	5000		16	16
neqoperf	reqresp	syscall	loopback	ok	within_0.020_of_best_next_lt_0.020	4	duration	2000		20	1	5				5000		4	4
neqoperf	reqresp	iouring	loopback	ok	within_0.020_of_best_next_lt_0.020	4	duration	2000		20	1	5				5000		4	4
neqoperf	stream_churn	syscall	loopback	ok	within_0.020_of_best_next_lt_0.020	4	duration	2000		20	1	5				5000		4	4
neqoperf	stream_churn	iouring	loopback	ok	within_0.020_of_best_next_lt_0.020	4	duration	2000		20	1	5				5000		4	4
neqoperf	multistream_download	syscall	loopback	ok	within_0.020_of_best_next_lt_0.020	1	duration	2000		20	1	5				5000		1	1
neqoperf	multistream_download	iouring	loopback	ok	within_0.020_of_best_next_lt_0.020	1	duration	2000		20	1	5				5000		1	1
neqoperf	multistream_upload	syscall	loopback	ok	within_0.020_of_best_next_lt_0.020	2	duration	2000		20	1	5				5000		2	2
neqoperf	multistream_upload	iouring	loopback	ok	within_0.020_of_best_next_lt_0.020	2	duration	2000		20	1	5				5000		2	2
neqoperf	bidi	syscall	loopback	ok	within_0.020_of_best_next_lt_0.020	1	duration	2000		20	1	5				5000		1	1
neqoperf	bidi	iouring	loopback	ok	within_0.020_of_best_next_lt_0.020	1	duration	2000		20	1	5				5000		1	1
neqoperf	small_payload_pps	syscall	loopback	ok	within_0.020_of_best_next_lt_0.020	4	duration	2000		20	1	5				5000		4	4
neqoperf	small_payload_pps	iouring	loopback	ok	within_0.020_of_best_next_lt_0.020	4	duration	2000		20	1	5				5000		4	4
neqoperf	loss_recovery	syscall	loopback	ok	within_0.020_of_best_next_lt_0.020	2	duration	5000		20	1	5				5000		2	2
neqoperf	loss_recovery	iouring	loopback	ok	within_0.020_of_best_next_lt_0.020	2	duration	5000		20	1	5				5000		2	2
neqoperf	flow_control	syscall	loopback	ok	within_0.020_of_best_next_lt_0.020	1	duration	2000		20	1	5				5000		1	1
neqoperf	flow_control	iouring	loopback	ok	within_0.020_of_best_next_lt_0.020	2	duration	2000		20	1	5				5000		2	2
neqoperf	resumed_connect	syscall	loopback	ok	within_0.020_of_best_next_lt_0.020	16	work		2	20	1	5			2	5000		16	16
neqoperf	resumed_connect	iouring	loopback	ok	within_0.020_of_best_next_lt_0.020	16	work		2	20	1	5			2	5000		16	16
neqoperf	zero_rtt_reqresp	syscall	loopback	ok	within_0.020_of_best_next_lt_0.020	4	duration	2000		20	1	5				5000		4	4
neqoperf	zero_rtt_reqresp	iouring	loopback	ok	within_0.020_of_best_next_lt_0.020	4	duration	2000		20	1	5				5000		4	4
neqoperf	datagram	syscall	loopback	ok	within_0.020_of_best_next_lt_0.020	2	duration	2000		20	1	5				5000		2	2
neqoperf	datagram	iouring	loopback	ok	within_0.020_of_best_next_lt_0.020	2	duration	2000		20	1	5				5000		2	2
neqoperf	idle_footprint	syscall	loopback	ok	within_0.020_of_best_next_lt_0.020	16	work			20	1	5				5000		16	16
neqoperf	idle_footprint	iouring	loopback	ok	within_0.020_of_best_next_lt_0.020	16	work			20	1	5				5000		16	16
neqoperf	close_reset_cleanup	syscall	loopback	ok	within_0.020_of_best_next_lt_0.020	4	duration	2000		20	1	5				5000		4	4
neqoperf	close_reset_cleanup	iouring	loopback	ok	within_0.020_of_best_next_lt_0.020	4	duration	2000		20	1	5				5000		4	4
lsperf	download	syscall	loopback	ok	within_0.020_of_best_next_lt_0.020	1	duration	2000		20	1	5				5000		1	1
lsperf	download	iouring	loopback	ok	within_0.020_of_best_next_lt_0.020	1	duration	2000		20	1	5				5000		1	1
lsperf	upload	syscall	loopback	ok	within_0.020_of_best_next_lt_0.020	2	duration	2000		20	1	5				5000		2	2
lsperf	upload	iouring	loopback	ok	within_0.020_of_best_next_lt_0.020	2	duration	2000		20	1	5				5000		2	2
lsperf	connect	syscall	loopback	ok	within_0.020_of_best_next_lt_0.020	16	work		8	20	1	5			8	5000		16	16
lsperf	connect	iouring	loopback	ok	within_0.020_of_best_next_lt_0.020	16	work		8	20	1	5			8	5000		16	16
lsperf	reqresp	syscall	loopback	ok	within_0.020_of_best_next_lt_0.020	16	duration	2000		20	1	5				5000		16	16
lsperf	reqresp	iouring	loopback	ok	within_0.020_of_best_next_lt_0.020	16	duration	2000		20	1	5				5000		16	16
lsperf	stream_churn	syscall	loopback	ok	within_0.020_of_best_next_lt_0.020	16	duration	2000		20	1	5				5000		16	16
lsperf	stream_churn	iouring	loopback	ok	within_0.020_of_best_next_lt_0.020	16	duration	2000		20	1	5				5000		16	16
lsperf	multistream_download	syscall	loopback	ok	within_0.020_of_best_next_lt_0.020	16	duration	2000		20	1	5				5000		16	16
lsperf	multistream_download	iouring	loopback	ok	within_0.020_of_best_next_lt_0.020	16	duration	2000		20	1	5				5000		16	16
lsperf	multistream_upload	syscall	loopback	ok	within_0.020_of_best_next_lt_0.020	16	duration	2000		20	1	5				5000		16	16
lsperf	multistream_upload	iouring	loopback	ok	within_0.020_of_best_next_lt_0.020	16	duration	2000		20	1	5				5000		16	16
lsperf	bidi	syscall	loopback	ok	within_0.020_of_best_next_lt_0.020	16	duration	2000		20	1	5				5000		16	16
lsperf	bidi	iouring	loopback	ok	within_0.020_of_best_next_lt_0.020	8	duration	2000		20	1	5				5000		8	8
lsperf	small_payload_pps	syscall	loopback	ok	within_0.020_of_best_next_lt_0.020	16	duration	2000		20	1	5				5000		16	16
lsperf	small_payload_pps	iouring	loopback	ok	within_0.020_of_best_next_lt_0.020	16	duration	2000		20	1	5				5000		16	16
lsperf	loss_recovery	syscall	loopback	ok	within_0.020_of_best_next_lt_0.020	1	duration	5000		20	1	5				5000		1	1
lsperf	loss_recovery	iouring	loopback	ok	within_0.020_of_best_next_lt_0.020	1	duration	5000		20	1	5				5000		1	1
lsperf	flow_control	syscall	loopback	ok	within_0.020_of_best_next_lt_0.020	1	duration	2000		20	1	5				5000		1	1
lsperf	flow_control	iouring	loopback	ok	within_0.020_of_best_next_lt_0.020	1	duration	2000		20	1	5				5000		1	1
lsperf	resumed_connect	syscall	loopback	ok	within_0.020_of_best_next_lt_0.020	1	work		128	20	1	5			128	5000		1	1
lsperf	resumed_connect	iouring	loopback	ok	within_0.020_of_best_next_lt_0.020	2	work		64	20	1	5			64	5000		2	2
lsperf	zero_rtt_reqresp	syscall	loopback	ok	within_0.020_of_best_next_lt_0.020	16	duration	2000		20	1	5				5000		16	16
lsperf	zero_rtt_reqresp	iouring	loopback	ok	within_0.020_of_best_next_lt_0.020	8	duration	2000		20	1	5				5000		8	16
lsperf	datagram	syscall	loopback	ok	within_0.020_of_best_next_lt_0.020	2	duration	2000		20	1	5				5000		2	2
lsperf	datagram	iouring	loopback	ok	within_0.020_of_best_next_lt_0.020	16	duration	2000		20	1	5				5000		16	16
lsperf	idle_footprint	syscall	loopback	ok	within_0.020_of_best_next_lt_0.020	8	work			20	1	5				5000		8	8
lsperf	idle_footprint	iouring	loopback	ok	within_0.020_of_best_next_lt_0.020	16	work			20	1	5				5000		16	16
lsperf	close_reset_cleanup	syscall	loopback	ok	within_0.020_of_best_next_lt_0.020	16	duration	2000		20	1	5				5000		16	16
lsperf	close_reset_cleanup	iouring	loopback	ok	within_0.020_of_best_next_lt_0.020	16	duration	2000		20	1	5				5000		16	16
xquicperf	download	syscall	loopback	ok	within_0.020_of_best_next_lt_0.020	16	duration	2000		20	1	5				5000		16	16
xquicperf	download	iouring	loopback	ok	within_0.020_of_best_next_lt_0.020	2	duration	2000		20	1	5				5000		2	2
xquicperf	upload	syscall	loopback	ok	within_0.020_of_best_next_lt_0.020	16	duration	2000		20	1	5				5000		16	16
xquicperf	upload	iouring	loopback	ok	within_0.020_of_best_next_lt_0.020	16	duration	2000		20	1	5				5000		16	16
xquicperf	connect	syscall	loopback	ok	within_0.020_of_best_next_lt_0.020	16	work		8	20	1	5			8	5000		16	16
xquicperf	connect	iouring	loopback	ok	within_0.020_of_best_next_lt_0.020	16	work		8	20	1	5			8	5000		16	16
xquicperf	reqresp	syscall	loopback	ok	within_0.020_of_best_next_lt_0.020	16	duration	2000		20	1	5				5000		16	16
xquicperf	reqresp	iouring	loopback	ok	within_0.020_of_best_next_lt_0.020	2	duration	2000		20	1	5				5000		2	2
xquicperf	stream_churn	syscall	loopback	ok	within_0.020_of_best_next_lt_0.020	16	duration	2000		20	1	5				5000		16	16
xquicperf	stream_churn	iouring	loopback	ok	within_0.020_of_best_next_lt_0.020	2	duration	2000		20	1	5				5000		2	4
xquicperf	multistream_download	syscall	loopback	ok	within_0.020_of_best_next_lt_0.020	16	duration	2000		20	1	5				5000		16	16
xquicperf	multistream_download	iouring	loopback	ok	within_0.020_of_best_next_lt_0.020	8	duration	2000		20	1	5				5000		8	8
xquicperf	multistream_upload	syscall	loopback	ok	within_0.020_of_best_next_lt_0.020	16	duration	2000		20	1	5				5000		16	16
xquicperf	multistream_upload	iouring	loopback	ok	within_0.020_of_best_next_lt_0.020	16	duration	2000		20	1	5				5000		16	16
xquicperf	bidi	syscall	loopback	ok	within_0.020_of_best_next_lt_0.020	4	duration	2000		20	1	5				5000		4	8
xquicperf	bidi	iouring	loopback	ok	within_0.020_of_best_next_lt_0.020	2	duration	2000		20	1	5				5000		2	2
xquicperf	small_payload_pps	syscall	loopback	ok	within_0.020_of_best_next_lt_0.020	16	duration	2000		20	1	5				5000		16	16
xquicperf	small_payload_pps	iouring	loopback	ok	within_0.020_of_best_next_lt_0.020	4	duration	2000		20	1	5				5000		4	4
xquicperf	loss_recovery	syscall	loopback	ok	within_0.020_of_best_next_lt_0.020	16	duration	5000		20	1	5				5000		16	16
xquicperf	loss_recovery	iouring	loopback	ok	within_0.020_of_best_next_lt_0.020	2	duration	5000		20	1	5				5000		2	2
xquicperf	flow_control	syscall	loopback	ok	within_0.020_of_best_next_lt_0.020	8	duration	2000		20	1	5				5000		8	8
xquicperf	flow_control	iouring	loopback	ok	within_0.020_of_best_next_lt_0.020	8	duration	2000		20	1	5				5000		8	8
xquicperf	resumed_connect	syscall	loopback	ok	within_0.020_of_best_next_lt_0.020	2	work		64	20	1	5			64	5000		2	2
xquicperf	resumed_connect	iouring	loopback	ok	within_0.020_of_best_next_lt_0.020	2	work		64	20	1	5			64	5000		2	2
xquicperf	zero_rtt_reqresp	syscall	loopback	ok	within_0.020_of_best_next_lt_0.020	16	duration	2000		20	1	5				5000		16	16
xquicperf	zero_rtt_reqresp	iouring	loopback	ok	within_0.020_of_best_next_lt_0.020	2	duration	2000		20	1	5				5000		2	2
xquicperf	datagram	syscall	loopback	ok	within_0.020_of_best_next_lt_0.020	8	duration	2000		20	1	5				5000		8	8
xquicperf	datagram	iouring	loopback	ok	within_0.020_of_best_next_lt_0.020	8	duration	2000		20	1	5				5000		8	8
xquicperf	idle_footprint	syscall	loopback	ok	within_0.020_of_best_next_lt_0.020	16	work			20	1	5				5000		16	16
xquicperf	idle_footprint	iouring	loopback	ok	within_0.020_of_best_next_lt_0.020	16	work			20	1	5				5000		16	16
xquicperf	close_reset_cleanup	syscall	loopback	ok	within_0.020_of_best_next_lt_0.020	16	duration	2000		20	1	5				5000		16	16
xquicperf	close_reset_cleanup	iouring	loopback	ok	within_0.020_of_best_next_lt_0.020	2	duration	2000		20	1	5				5000		2	8
quicheperf	download	syscall	loopback	ok	within_0.020_of_best_next_lt_0.020	1	duration	2000		20	1	5				5000		1	1
quicheperf	download	iouring	loopback	ok	within_0.020_of_best_next_lt_0.020	1	duration	2000		20	1	5				5000		1	1
quicheperf	upload	syscall	loopback	ok	within_0.020_of_best_next_lt_0.020	4	duration	2000		20	1	5				5000		4	4
quicheperf	upload	iouring	loopback	ok	within_0.020_of_best_next_lt_0.020	2	duration	2000		20	1	5				5000		2	2
quicheperf	connect	syscall	loopback	ok	within_0.020_of_best_next_lt_0.020	16	work		8	20	1	5			8	5000		16	16
quicheperf	connect	iouring	loopback	ok	within_0.020_of_best_next_lt_0.020	16	work		8	20	1	5			8	5000		16	16
quicheperf	reqresp	syscall	loopback	ok	within_0.020_of_best_next_lt_0.020	16	duration	2000		20	1	5				5000		16	16
quicheperf	reqresp	iouring	loopback	ok	within_0.020_of_best_next_lt_0.020	16	duration	2000		20	1	5				5000		16	16
quicheperf	stream_churn	syscall	loopback	ok	within_0.020_of_best_next_lt_0.020	16	duration	2000		20	1	5				5000		16	16
quicheperf	stream_churn	iouring	loopback	ok	within_0.020_of_best_next_lt_0.020	16	duration	2000		20	1	5				5000		16	16
quicheperf	multistream_download	syscall	loopback	ok	within_0.020_of_best_next_lt_0.020	1	duration	2000		20	1	5				5000		1	1
quicheperf	multistream_download	iouring	loopback	ok	within_0.020_of_best_next_lt_0.020	1	duration	2000		20	1	5				5000		1	1
quicheperf	multistream_upload	syscall	loopback	ok	within_0.020_of_best_next_lt_0.020	2	duration	2000		20	1	5				5000		2	2
quicheperf	multistream_upload	iouring	loopback	ok	within_0.020_of_best_next_lt_0.020	2	duration	2000		20	1	5				5000		2	2
quicheperf	bidi	syscall	loopback	ok	within_0.020_of_best_next_lt_0.020	4	duration	2000		20	1	5				5000		4	8
quicheperf	bidi	iouring	loopback	ok	within_0.020_of_best_next_lt_0.020	4	duration	2000		20	1	5				5000		4	4
quicheperf	small_payload_pps	syscall	loopback	ok	within_0.020_of_best_next_lt_0.020	16	duration	2000		20	1	5				5000		16	16
quicheperf	small_payload_pps	iouring	loopback	ok	within_0.020_of_best_next_lt_0.020	16	duration	2000		20	1	5				5000		16	16
quicheperf	loss_recovery	syscall	loopback	ok	within_0.020_of_best_next_lt_0.020	1	duration	5000		20	1	5				5000		1	1
quicheperf	loss_recovery	iouring	loopback	ok	within_0.020_of_best_next_lt_0.020	1	duration	5000		20	1	5				5000		1	1
quicheperf	flow_control	syscall	loopback	ok	within_0.020_of_best_next_lt_0.020	8	duration	2000		20	1	5				5000		8	8
quicheperf	flow_control	iouring	loopback	ok	within_0.020_of_best_next_lt_0.020	2	duration	2000		20	1	5				5000		2	16
quicheperf	resumed_connect	syscall	loopback	ok	within_0.020_of_best_next_lt_0.020	2	work		64	20	1	5			64	5000		2	2
quicheperf	resumed_connect	iouring	loopback	ok	within_0.020_of_best_next_lt_0.020	2	work		64	20	1	5			64	5000		2	2
quicheperf	zero_rtt_reqresp	syscall	loopback	ok	within_0.020_of_best_next_lt_0.020	16	duration	2000		20	1	5				5000		16	16
quicheperf	zero_rtt_reqresp	iouring	loopback	ok	within_0.020_of_best_next_lt_0.020	8	duration	2000		20	1	5				5000		8	16
quicheperf	datagram	syscall	loopback	ok	within_0.020_of_best_next_lt_0.020	2	duration	2000		20	1	5				5000		2	2
quicheperf	datagram	iouring	loopback	ok	within_0.020_of_best_next_lt_0.020	2	duration	2000		20	1	5				5000		2	2
quicheperf	idle_footprint	syscall	loopback	ok	within_0.020_of_best_next_lt_0.020	16	work			20	1	5				5000		16	16
quicheperf	idle_footprint	iouring	loopback	ok	within_0.020_of_best_next_lt_0.020	16	work			20	1	5				5000		16	16
quicheperf	close_reset_cleanup	syscall	loopback	ok	within_0.020_of_best_next_lt_0.020	16	duration	2000		20	1	5				5000		16	16
quicheperf	close_reset_cleanup	iouring	loopback	ok	within_0.020_of_best_next_lt_0.020	16	duration	2000		20	1	5				5000		16	16
picoperf	download	syscall	loopback	ok	within_0.020_of_best_next_lt_0.020	1	duration	2000		20	1	5				5000		1	1
picoperf	download	iouring	loopback	ok	within_0.020_of_best_next_lt_0.020	1	duration	2000		20	1	5				5000		1	1
picoperf	upload	syscall	loopback	ok	within_0.020_of_best_next_lt_0.020	2	duration	2000		20	1	5				5000		2	2
picoperf	upload	iouring	loopback	ok	within_0.020_of_best_next_lt_0.020	2	duration	2000		20	1	5				5000		2	2
picoperf	connect	syscall	loopback	ok	within_0.020_of_best_next_lt_0.020	16	work		8	20	1	5			8	5000		16	16
picoperf	connect	iouring	loopback	ok	within_0.020_of_best_next_lt_0.020	16	work		8	20	1	5			8	5000		16	16
picoperf	reqresp	syscall	loopback	ok	within_0.020_of_best_next_lt_0.020	16	duration	2000		20	1	5				5000		16	16
picoperf	reqresp	iouring	loopback	ok	within_0.020_of_best_next_lt_0.020	8	duration	2000		20	1	5				5000		8	8
picoperf	stream_churn	syscall	loopback	ok	within_0.020_of_best_next_lt_0.020	16	duration	2000		20	1	5				5000		16	16
picoperf	stream_churn	iouring	loopback	ok	within_0.020_of_best_next_lt_0.020	16	duration	2000		20	1	5				5000		16	16
picoperf	multistream_download	syscall	loopback	ok	within_0.020_of_best_next_lt_0.020	16	duration	2000		20	1	5				5000		16	16
picoperf	multistream_download	iouring	loopback	ok	within_0.020_of_best_next_lt_0.020	16	duration	2000		20	1	5				5000		16	16
picoperf	multistream_upload	syscall	loopback	ok	within_0.020_of_best_next_lt_0.020	16	duration	2000		20	1	5				5000		16	16
picoperf	multistream_upload	iouring	loopback	ok	within_0.020_of_best_next_lt_0.020	16	duration	2000		20	1	5				5000		16	16
picoperf	bidi	syscall	loopback	ok	within_0.020_of_best_next_lt_0.020	16	duration	2000		20	1	5				5000		16	16
picoperf	bidi	iouring	loopback	ok	within_0.020_of_best_next_lt_0.020	16	duration	2000		20	1	5				5000		16	16
picoperf	small_payload_pps	syscall	loopback	ok	within_0.020_of_best_next_lt_0.020	16	duration	2000		20	1	5				5000		16	16
picoperf	small_payload_pps	iouring	loopback	ok	within_0.020_of_best_next_lt_0.020	16	duration	2000		20	1	5				5000		16	16
picoperf	loss_recovery	syscall	loopback	ok	within_0.020_of_best_next_lt_0.020	1	duration	5000		20	1	5				5000		1	1
picoperf	loss_recovery	iouring	loopback	ok	within_0.020_of_best_next_lt_0.020	1	duration	5000		20	1	5				5000		1	1
picoperf	flow_control	syscall	loopback	ok	within_0.020_of_best_next_lt_0.020	1	duration	2000		20	1	5				5000		1	1
picoperf	flow_control	iouring	loopback	ok	within_0.020_of_best_next_lt_0.020	1	duration	2000		20	1	5				5000		1	1
picoperf	resumed_connect	syscall	loopback	ok	within_0.020_of_best_next_lt_0.020	2	work		64	20	1	5			64	5000		2	2
picoperf	resumed_connect	iouring	loopback	ok	within_0.020_of_best_next_lt_0.020	4	work		32	20	1	5			32	5000		4	4
picoperf	zero_rtt_reqresp	syscall	loopback	ok	within_0.020_of_best_next_lt_0.020	16	duration	2000		20	1	5				5000		16	16
picoperf	zero_rtt_reqresp	iouring	loopback	ok	within_0.020_of_best_next_lt_0.020	8	duration	2000		20	1	5				5000		8	8
picoperf	datagram	syscall	loopback	ok	within_0.020_of_best_next_lt_0.020	1	duration	2000		20	1	5				5000		1	1
picoperf	datagram	iouring	loopback	ok	within_0.020_of_best_next_lt_0.020	1	duration	2000		20	1	5				5000		1	1
picoperf	idle_footprint	syscall	loopback	ok	within_0.020_of_best_next_lt_0.020	16	work			20	1	5				5000		16	16
picoperf	idle_footprint	iouring	loopback	ok	within_0.020_of_best_next_lt_0.020	16	work			20	1	5				5000		16	16
picoperf	close_reset_cleanup	syscall	loopback	ok	within_0.020_of_best_next_lt_0.020	16	duration	2000		20	1	5				5000		16	16
picoperf	close_reset_cleanup	iouring	loopback	ok	within_0.020_of_best_next_lt_0.020	16	duration	2000		20	1	5				5000		16	16
quinnperf	download	syscall	loopback	ok	within_0.020_of_best_next_lt_0.020	2	duration	2000		20	1	5				5000		2	2
quinnperf	download	iouring	loopback	ok	within_0.020_of_best_next_lt_0.020	2	duration	2000		20	1	5				5000		2	2
quinnperf	upload	syscall	loopback	ok	within_0.020_of_best_next_lt_0.020	1	duration	2000		20	1	5				5000		1	1
quinnperf	upload	iouring	loopback	ok	within_0.020_of_best_next_lt_0.020	1	duration	2000		20	1	5				5000		1	1
quinnperf	connect	syscall	loopback	ok	within_0.020_of_best_next_lt_0.020	8	work		16	20	1	5			16	5000		8	8
quinnperf	connect	iouring	loopback	ok	within_0.020_of_best_next_lt_0.020	16	work		8	20	1	5			8	5000		16	16
quinnperf	reqresp	syscall	loopback	ok	within_0.020_of_best_next_lt_0.020	2	duration	2000		20	1	5				5000		2	2
quinnperf	reqresp	iouring	loopback	ok	within_0.020_of_best_next_lt_0.020	1	duration	2000		20	1	5				5000		1	1
quinnperf	stream_churn	syscall	loopback	ok	within_0.020_of_best_next_lt_0.020	2	duration	2000		20	1	5				5000		2	2
quinnperf	stream_churn	iouring	loopback	ok	within_0.020_of_best_next_lt_0.020	1	duration	2000		20	1	5				5000		1	1
quinnperf	multistream_download	syscall	loopback	ok	within_0.020_of_best_next_lt_0.020	2	duration	2000		20	1	5				5000		2	2
quinnperf	multistream_download	iouring	loopback	ok	within_0.020_of_best_next_lt_0.020	2	duration	2000		20	1	5				5000		2	2
quinnperf	multistream_upload	syscall	loopback	ok	within_0.020_of_best_next_lt_0.020	16	duration	2000		20	1	5				5000		16	16
quinnperf	multistream_upload	iouring	loopback	ok	within_0.020_of_best_next_lt_0.020	16	duration	2000		20	1	5				5000		16	16
quinnperf	bidi	syscall	loopback	ok	within_0.020_of_best_next_lt_0.020	1	duration	2000		20	1	5				5000		1	1
quinnperf	bidi	iouring	loopback	ok	within_0.020_of_best_next_lt_0.020	1	duration	2000		20	1	5				5000		1	1
quinnperf	small_payload_pps	syscall	loopback	ok	within_0.020_of_best_next_lt_0.020	2	duration	2000		20	1	5				5000		2	2
quinnperf	small_payload_pps	iouring	loopback	ok	within_0.020_of_best_next_lt_0.020	1	duration	2000		20	1	5				5000		1	1
quinnperf	loss_recovery	syscall	loopback	ok	within_0.020_of_best_next_lt_0.020	2	duration	5000		20	1	5				5000		2	2
quinnperf	loss_recovery	iouring	loopback	ok	within_0.020_of_best_next_lt_0.020	4	duration	5000		20	1	5				5000		4	4
quinnperf	flow_control	syscall	loopback	ok	within_0.020_of_best_next_lt_0.020	2	duration	2000		20	1	5				5000		2	2
quinnperf	flow_control	iouring	loopback	ok	within_0.020_of_best_next_lt_0.020	2	duration	2000		20	1	5				5000		2	2
quinnperf	resumed_connect	syscall	loopback	ok	within_0.020_of_best_next_lt_0.020	16	work		2	20	1	5			2	5000		16	16
quinnperf	resumed_connect	iouring	loopback	ok	within_0.020_of_best_next_lt_0.020	16	work		2	20	1	5			2	5000		16	16
quinnperf	zero_rtt_reqresp	syscall	loopback	ok	within_0.020_of_best_next_lt_0.020	1	duration	2000		20	1	5				5000		1	1
quinnperf	zero_rtt_reqresp	iouring	loopback	ok	within_0.020_of_best_next_lt_0.020	1	duration	2000		20	1	5				5000		1	1
quinnperf	datagram	syscall	loopback	ok	within_0.020_of_best_next_lt_0.020	4	duration	2000		20	1	5				5000		4	4
quinnperf	datagram	iouring	loopback	ok	within_0.020_of_best_next_lt_0.020	4	duration	2000		20	1	5				5000		4	4
quinnperf	idle_footprint	syscall	loopback	ok	within_0.020_of_best_next_lt_0.020	16	work			20	1	5				5000		16	16
quinnperf	idle_footprint	iouring	loopback	ok	within_0.020_of_best_next_lt_0.020	16	work			20	1	5				5000		16	16
quinnperf	close_reset_cleanup	syscall	loopback	ok	within_0.020_of_best_next_lt_0.020	2	duration	2000		20	1	5				5000		2	4
quinnperf	close_reset_cleanup	iouring	loopback	ok	within_0.020_of_best_next_lt_0.020	2	duration	2000		20	1	5				5000		2	2
noqperf	download	syscall	loopback	ok	within_0.020_of_best_next_lt_0.020	2	duration	2000		20	1	5				5000		2	2
noqperf	download	iouring	loopback	ok	within_0.020_of_best_next_lt_0.020	2	duration	2000		20	1	5				5000		2	2
noqperf	upload	syscall	loopback	ok	within_0.020_of_best_next_lt_0.020	1	duration	2000		20	1	5				5000		1	1
noqperf	upload	iouring	loopback	ok	within_0.020_of_best_next_lt_0.020	1	duration	2000		20	1	5				5000		1	1
noqperf	connect	syscall	loopback	ok	within_0.020_of_best_next_lt_0.020	8	work		16	20	1	5			16	5000		8	8
noqperf	connect	iouring	loopback	ok	within_0.020_of_best_next_lt_0.020	16	work		8	20	1	5			8	5000		16	16
noqperf	reqresp	syscall	loopback	ok	within_0.020_of_best_next_lt_0.020	1	duration	2000		20	1	5				5000		1	2
noqperf	reqresp	iouring	loopback	ok	within_0.020_of_best_next_lt_0.020	1	duration	2000		20	1	5				5000		1	1
noqperf	stream_churn	syscall	loopback	ok	within_0.020_of_best_next_lt_0.020	2	duration	2000		20	1	5				5000		2	2
noqperf	stream_churn	iouring	loopback	ok	within_0.020_of_best_next_lt_0.020	1	duration	2000		20	1	5				5000		1	1
noqperf	multistream_download	syscall	loopback	ok	within_0.020_of_best_next_lt_0.020	2	duration	2000		20	1	5				5000		2	2
noqperf	multistream_download	iouring	loopback	ok	within_0.020_of_best_next_lt_0.020	2	duration	2000		20	1	5				5000		2	2
noqperf	multistream_upload	syscall	loopback	ok	within_0.020_of_best_next_lt_0.020	8	duration	2000		20	1	5				5000		8	8
noqperf	multistream_upload	iouring	loopback	ok	within_0.020_of_best_next_lt_0.020	8	duration	2000		20	1	5				5000		8	8
noqperf	bidi	syscall	loopback	ok	within_0.020_of_best_next_lt_0.020	1	duration	2000		20	1	5				5000		1	1
noqperf	bidi	iouring	loopback	ok	within_0.020_of_best_next_lt_0.020	1	duration	2000		20	1	5				5000		1	1
noqperf	small_payload_pps	syscall	loopback	ok	within_0.020_of_best_next_lt_0.020	2	duration	2000		20	1	5				5000		2	2
noqperf	small_payload_pps	iouring	loopback	ok	within_0.020_of_best_next_lt_0.020	1	duration	2000		20	1	5				5000		1	1
noqperf	loss_recovery	syscall	loopback	ok	within_0.020_of_best_next_lt_0.020	2	duration	5000		20	1	5				5000		2	2
noqperf	loss_recovery	iouring	loopback	ok	within_0.020_of_best_next_lt_0.020	2	duration	5000		20	1	5				5000		2	2
noqperf	flow_control	syscall	loopback	ok	within_0.020_of_best_next_lt_0.020	2	duration	2000		20	1	5				5000		2	2
noqperf	flow_control	iouring	loopback	ok	within_0.020_of_best_next_lt_0.020	2	duration	2000		20	1	5				5000		2	2
noqperf	resumed_connect	syscall	loopback	ok	within_0.020_of_best_next_lt_0.020	16	work		2	20	1	5			2	5000		16	16
noqperf	resumed_connect	iouring	loopback	ok	within_0.020_of_best_next_lt_0.020	16	work		2	20	1	5			2	5000		16	16
noqperf	zero_rtt_reqresp	syscall	loopback	ok	within_0.020_of_best_next_lt_0.020	1	duration	2000		20	1	5				5000		1	1
noqperf	zero_rtt_reqresp	iouring	loopback	ok	within_0.020_of_best_next_lt_0.020	1	duration	2000		20	1	5				5000		1	1
noqperf	datagram	syscall	loopback	ok	within_0.020_of_best_next_lt_0.020	4	duration	2000		20	1	5				5000		4	4
noqperf	datagram	iouring	loopback	ok	within_0.020_of_best_next_lt_0.020	4	duration	2000		20	1	5				5000		4	4
noqperf	idle_footprint	syscall	loopback	ok	within_0.020_of_best_next_lt_0.020	16	work			20	1	5				5000		16	16
noqperf	idle_footprint	iouring	loopback	ok	within_0.020_of_best_next_lt_0.020	16	work			20	1	5				5000		16	16
noqperf	close_reset_cleanup	syscall	loopback	ok	within_0.020_of_best_next_lt_0.020	2	duration	2000		20	1	5				5000		2	2
noqperf	close_reset_cleanup	iouring	loopback	ok	within_0.020_of_best_next_lt_0.020	1	duration	2000		20	1	5				5000		1	1
tquicperf	download	syscall	loopback	ok	within_0.020_of_best_next_lt_0.020	1	duration	2000		20	1	5				5000		1	1
tquicperf	download	iouring	loopback	ok	within_0.020_of_best_next_lt_0.020	1	duration	2000		20	1	5				5000		1	1
tquicperf	upload	syscall	loopback	ok	within_0.020_of_best_next_lt_0.020	16	duration	2000		20	1	5				5000		16	16
tquicperf	upload	iouring	loopback	ok	within_0.020_of_best_next_lt_0.020	4	duration	2000		20	1	5				5000		4	4
tquicperf	connect	syscall	loopback	ok	within_0.020_of_best_next_lt_0.020	16	work		8	20	1	5			8	5000		16	16
tquicperf	connect	iouring	loopback	ok	within_0.020_of_best_next_lt_0.020	16	work		8	20	1	5			8	5000		16	16
tquicperf	reqresp	syscall	loopback	ok	within_0.020_of_best_next_lt_0.020	16	duration	2000		20	1	5				5000		16	16
tquicperf	reqresp	iouring	loopback	ok	within_0.020_of_best_next_lt_0.020	16	duration	2000		20	1	5				5000		16	16
tquicperf	stream_churn	syscall	loopback	ok	within_0.020_of_best_next_lt_0.020	16	duration	2000		20	1	5				5000		16	16
tquicperf	stream_churn	iouring	loopback	ok	within_0.020_of_best_next_lt_0.020	16	duration	2000		20	1	5				5000		16	16
tquicperf	multistream_download	syscall	loopback	ok	within_0.020_of_best_next_lt_0.020	2	duration	2000		20	1	5				5000		2	2
tquicperf	multistream_download	iouring	loopback	ok	within_0.020_of_best_next_lt_0.020	1	duration	2000		20	1	5				5000		1	1
tquicperf	multistream_upload	syscall	loopback	ok	within_0.020_of_best_next_lt_0.020	2	duration	2000		20	1	5				5000		2	2
tquicperf	multistream_upload	iouring	loopback	ok	within_0.020_of_best_next_lt_0.020	2	duration	2000		20	1	5				5000		2	2
tquicperf	bidi	syscall	loopback	ok	within_0.020_of_best_next_lt_0.020	4	duration	2000		20	1	5				5000		4	4
tquicperf	bidi	iouring	loopback	ok	within_0.020_of_best_next_lt_0.020	4	duration	2000		20	1	5				5000		4	4
tquicperf	small_payload_pps	syscall	loopback	ok	within_0.020_of_best_next_lt_0.020	16	duration	2000		20	1	5				5000		16	16
tquicperf	small_payload_pps	iouring	loopback	ok	within_0.020_of_best_next_lt_0.020	16	duration	2000		20	1	5				5000		16	16
tquicperf	loss_recovery	syscall	loopback	ok	within_0.020_of_best_next_lt_0.020	2	duration	5000		20	1	5				5000		2	2
tquicperf	loss_recovery	iouring	loopback	ok	within_0.020_of_best_next_lt_0.020	2	duration	5000		20	1	5				5000		2	4
tquicperf	flow_control	syscall	loopback	ok	within_0.020_of_best_next_lt_0.020	16	duration	2000		20	1	5				5000		16	16
tquicperf	flow_control	iouring	loopback	ok	within_0.020_of_best_next_lt_0.020	16	duration	2000		20	1	5				5000		16	16
tquicperf	resumed_connect	syscall	loopback	ok	within_0.020_of_best_next_lt_0.020	16	work		8	20	1	5			8	5000		16	16
tquicperf	resumed_connect	iouring	loopback	ok	within_0.020_of_best_next_lt_0.020	8	work		16	20	1	5			16	5000		8	8
tquicperf	zero_rtt_reqresp	syscall	loopback	ok	within_0.020_of_best_next_lt_0.020	16	duration	2000		20	1	5				5000		16	16
tquicperf	zero_rtt_reqresp	iouring	loopback	ok	within_0.020_of_best_next_lt_0.020	16	duration	2000		20	1	5				5000		16	16
tquicperf	datagram	syscall	loopback	ok	within_0.020_of_best_next_lt_0.020	2	duration	2000		20	1	5				5000		2	2
tquicperf	datagram	iouring	loopback	ok	within_0.020_of_best_next_lt_0.020	2	duration	2000		20	1	5				5000		2	2
tquicperf	idle_footprint	syscall	loopback	ok	within_0.020_of_best_next_lt_0.020	16	work			20	1	5				5000		16	16
tquicperf	idle_footprint	iouring	loopback	ok	within_0.020_of_best_next_lt_0.020	16	work			20	1	5				5000		16	16
tquicperf	close_reset_cleanup	syscall	loopback	ok	within_0.020_of_best_next_lt_0.020	16	duration	2000		20	1	5				5000		16	16
tquicperf	close_reset_cleanup	iouring	loopback	ok	within_0.020_of_best_next_lt_0.020	16	duration	2000		20	1	5				5000		16	16
quiczigperf	download	syscall	loopback	ok	within_0.020_of_best_next_lt_0.020	1	duration	2000		20	1	5				5000		1	1
quiczigperf	download	iouring	loopback	ok	within_0.020_of_best_next_lt_0.020	1	duration	2000		20	1	5				5000		1	1
quiczigperf	upload	syscall	loopback	ok	within_0.020_of_best_next_lt_0.020	1	duration	2000		20	1	5				5000		1	1
quiczigperf	upload	iouring	loopback	ok	within_0.020_of_best_next_lt_0.020	1	duration	2000		20	1	5				5000		1	1
quiczigperf	connect	syscall	loopback	ok	within_0.020_of_best_next_lt_0.020	8	work		16	20	1	5			16	5000		8	8
quiczigperf	connect	iouring	loopback	ok	within_0.020_of_best_next_lt_0.020	16	work		8	20	1	5			8	5000		16	16
quiczigperf	reqresp	syscall	loopback	ok	within_0.020_of_best_next_lt_0.020	4	duration	2000		20	1	5				5000		4	8
quiczigperf	reqresp	iouring	loopback	ok	within_0.020_of_best_next_lt_0.020	4	duration	2000		20	1	5				5000		4	8
quiczigperf	stream_churn	syscall	loopback	ok	within_0.020_of_best_next_lt_0.020	4	duration	2000		20	1	5				5000		4	8
quiczigperf	stream_churn	iouring	loopback	ok	within_0.020_of_best_next_lt_0.020	4	duration	2000		20	1	5				5000		4	16
quiczigperf	multistream_download	syscall	loopback	ok	within_0.020_of_best_next_lt_0.020	1	duration	2000		20	1	5				5000		1	1
quiczigperf	multistream_download	iouring	loopback	ok	within_0.020_of_best_next_lt_0.020	1	duration	2000		20	1	5				5000		1	1
quiczigperf	multistream_upload	syscall	loopback	ok	within_0.020_of_best_next_lt_0.020	4	duration	2000		20	1	5				5000		4	4
quiczigperf	multistream_upload	iouring	loopback	ok	within_0.020_of_best_next_lt_0.020	4	duration	2000		20	1	5				5000		4	4
quiczigperf	bidi	syscall	loopback	ok	within_0.020_of_best_next_lt_0.020	1	duration	2000		20	1	5				5000		1	1
quiczigperf	bidi	iouring	loopback	ok	within_0.020_of_best_next_lt_0.020	1	duration	2000		20	1	5				5000		1	1
quiczigperf	small_payload_pps	syscall	loopback	ok	within_0.020_of_best_next_lt_0.020	8	duration	2000		20	1	5				5000		8	8
quiczigperf	small_payload_pps	iouring	loopback	ok	within_0.020_of_best_next_lt_0.020	8	duration	2000		20	1	5				5000		8	16
quiczigperf	loss_recovery	syscall	loopback	ok	within_0.020_of_best_next_lt_0.020	1	duration	5000		20	1	5				5000		1	1
quiczigperf	loss_recovery	iouring	loopback	ok	within_0.020_of_best_next_lt_0.020	1	duration	5000		20	1	5				5000		1	1
quiczigperf	flow_control	syscall	loopback	ok	within_0.020_of_best_next_lt_0.020	2	duration	2000		20	1	5				5000		2	2
quiczigperf	flow_control	iouring	loopback	ok	within_0.020_of_best_next_lt_0.020	2	duration	2000		20	1	5				5000		2	2
quiczigperf	resumed_connect	syscall	loopback	ok	within_0.020_of_best_next_lt_0.020	16	work		2	20	1	5			2	5000		16	16
quiczigperf	resumed_connect	iouring	loopback	ok	within_0.020_of_best_next_lt_0.020	16	work		2	20	1	5			2	5000		16	16
quiczigperf	zero_rtt_reqresp	syscall	loopback	ok	within_0.020_of_best_next_lt_0.020	4	duration	2000		20	1	5				5000		4	8
quiczigperf	zero_rtt_reqresp	iouring	loopback	ok	within_0.020_of_best_next_lt_0.020	4	duration	2000		20	1	5				5000		4	8
quiczigperf	datagram	syscall	loopback	ok	within_0.020_of_best_next_lt_0.020	2	duration	2000		20	1	5				5000		2	2
quiczigperf	datagram	iouring	loopback	ok	within_0.020_of_best_next_lt_0.020	2	duration	2000		20	1	5				5000		2	2
quiczigperf	idle_footprint	syscall	loopback	ok	within_0.020_of_best_next_lt_0.020	16	work			20	1	5				5000		16	16
quiczigperf	idle_footprint	iouring	loopback	ok	within_0.020_of_best_next_lt_0.020	16	work			20	1	5				5000		16	16
quiczigperf	close_reset_cleanup	syscall	loopback	ok	within_0.020_of_best_next_lt_0.020	4	duration	2000		20	1	5				5000		4	8
quiczigperf	close_reset_cleanup	iouring	loopback	ok	within_0.020_of_best_next_lt_0.020	8	duration	2000		20	1	5				5000		8	8
mvfstperf	download	syscall	loopback	ok	within_0.020_of_best_next_lt_0.020	1	duration	2000		20	1	5				5000		1	16
mvfstperf	download	iouring	loopback	ok	within_0.020_of_best_next_lt_0.020	2	duration	2000		20	1	5				5000		2	16
mvfstperf	upload	syscall	loopback	ok	within_0.020_of_best_next_lt_0.020	8	duration	2000		20	1	5				5000		8	8
mvfstperf	upload	iouring	loopback	ok	within_0.020_of_best_next_lt_0.020	8	duration	2000		20	1	5				5000		8	8
mvfstperf	connect	syscall	loopback	ok	within_0.020_of_best_next_lt_0.020	16	work		8	20	1	5			8	5000		16	16
mvfstperf	connect	iouring	loopback	ok	within_0.020_of_best_next_lt_0.020	16	work		8	20	1	5			8	5000		16	16
mvfstperf	reqresp	syscall	loopback	ok	within_0.020_of_best_next_lt_0.020	16	duration	2000		20	1	5				5000		16	16
mvfstperf	reqresp	iouring	loopback	ok	within_0.020_of_best_next_lt_0.020	16	duration	2000		20	1	5				5000		16	16
mvfstperf	stream_churn	syscall	loopback	ok	within_0.020_of_best_next_lt_0.020	16	duration	2000		20	1	5				5000		16	16
mvfstperf	stream_churn	iouring	loopback	ok	within_0.020_of_best_next_lt_0.020	16	duration	2000		20	1	5				5000		16	16
mvfstperf	multistream_download	syscall	loopback	ok	within_0.020_of_best_next_lt_0.020	4	duration	2000		20	1	5				5000		4	8
mvfstperf	multistream_download	iouring	loopback	ok	within_0.020_of_best_next_lt_0.020	16	duration	2000		20	1	5				5000		16	16
mvfstperf	multistream_upload	syscall	loopback	ok	within_0.020_of_best_next_lt_0.020	16	duration	2000		20	1	5				5000		16	16
mvfstperf	multistream_upload	iouring	loopback	ok	within_0.020_of_best_next_lt_0.020	16	duration	2000		20	1	5				5000		16	16
mvfstperf	bidi	syscall	loopback	ok	within_0.020_of_best_next_lt_0.020	4	duration	2000		20	1	5				5000		4	4
mvfstperf	bidi	iouring	loopback	ok	within_0.020_of_best_next_lt_0.020	4	duration	2000		20	1	5				5000		4	4
mvfstperf	small_payload_pps	syscall	loopback	ok	within_0.020_of_best_next_lt_0.020	16	duration	2000		20	1	5				5000		16	16
mvfstperf	small_payload_pps	iouring	loopback	ok	within_0.020_of_best_next_lt_0.020	16	duration	2000		20	1	5				5000		16	16
mvfstperf	loss_recovery	syscall	loopback	ok	within_0.020_of_best_next_lt_0.020	16	duration	5000		20	1	5				5000		16	16
mvfstperf	loss_recovery	iouring	loopback	ok	within_0.020_of_best_next_lt_0.020	16	duration	5000		20	1	5				5000		16	16
mvfstperf	flow_control	syscall	loopback	ok	within_0.020_of_best_next_lt_0.020	2	duration	2000		20	1	5				5000		2	8
mvfstperf	flow_control	iouring	loopback	ok	within_0.020_of_best_next_lt_0.020	4	duration	2000		20	1	5				5000		4	8
mvfstperf	resumed_connect	syscall	loopback	ok	within_0.020_of_best_next_lt_0.020	4	work		32	20	1	5			32	5000		4	4
mvfstperf	resumed_connect	iouring	loopback	ok	within_0.020_of_best_next_lt_0.020	2	work		64	20	1	5			64	5000		2	2
mvfstperf	zero_rtt_reqresp	syscall	loopback	ok	within_0.020_of_best_next_lt_0.020	16	duration	2000		20	1	5				5000		16	16
mvfstperf	zero_rtt_reqresp	iouring	loopback	ok	within_0.020_of_best_next_lt_0.020	16	duration	2000		20	1	5				5000		16	16
mvfstperf	datagram	syscall	loopback	ok	within_0.020_of_best_next_lt_0.020	16	duration	2000		20	1	5				5000		16	16
mvfstperf	datagram	iouring	loopback	ok	within_0.020_of_best_next_lt_0.020	1	duration	2000		20	1	5				5000		1	1
mvfstperf	idle_footprint	syscall	loopback	ok	within_0.020_of_best_next_lt_0.020	16	work			20	1	5				5000		16	16
mvfstperf	idle_footprint	iouring	loopback	ok	within_0.020_of_best_next_lt_0.020	16	work			20	1	5				5000		16	16
mvfstperf	close_reset_cleanup	syscall	loopback	ok	within_0.020_of_best_next_lt_0.020	16	duration	2000		20	1	5				5000		16	16
mvfstperf	close_reset_cleanup	iouring	loopback	ok	within_0.020_of_best_next_lt_0.020	16	duration	2000		20	1	5				5000		16	16
ngtcp2perf	download	syscall	loopback	ok	within_0.020_of_best_next_lt_0.020	1	duration	2000		20	1	5				5000		1	1
ngtcp2perf	download	iouring	loopback	ok	within_0.020_of_best_next_lt_0.020	4	duration	2000		20	1	5				5000		4	8
ngtcp2perf	upload	syscall	loopback	ok	within_0.020_of_best_next_lt_0.020	2	duration	2000		20	1	5				5000		2	2
ngtcp2perf	upload	iouring	loopback	ok	within_0.020_of_best_next_lt_0.020	2	duration	2000		20	1	5				5000		2	2
ngtcp2perf	connect	syscall	loopback	ok	within_0.020_of_best_next_lt_0.020	16	work		8	20	1	5			8	5000		16	16
ngtcp2perf	connect	iouring	loopback	ok	within_0.020_of_best_next_lt_0.020	16	work		8	20	1	5			8	5000		16	16
ngtcp2perf	reqresp	syscall	loopback	ok	within_0.020_of_best_next_lt_0.020	16	duration	2000		20	1	5				5000		16	16
ngtcp2perf	reqresp	iouring	loopback	ok	within_0.020_of_best_next_lt_0.020	16	duration	2000		20	1	5				5000		16	16
ngtcp2perf	stream_churn	syscall	loopback	ok	within_0.020_of_best_next_lt_0.020	16	duration	2000		20	1	5				5000		16	16
ngtcp2perf	stream_churn	iouring	loopback	ok	within_0.020_of_best_next_lt_0.020	16	duration	2000		20	1	5				5000		16	16
ngtcp2perf	multistream_download	syscall	loopback	ok	within_0.020_of_best_next_lt_0.020	1	duration	2000		20	1	5				5000		1	8
ngtcp2perf	multistream_download	iouring	loopback	ok	within_0.020_of_best_next_lt_0.020	4	duration	2000		20	1	5				5000		4	4
ngtcp2perf	multistream_upload	syscall	loopback	ok	within_0.020_of_best_next_lt_0.020	4	duration	2000		20	1	5				5000		4	4
ngtcp2perf	multistream_upload	iouring	loopback	ok	within_0.020_of_best_next_lt_0.020	2	duration	2000		20	1	5				5000		2	2
ngtcp2perf	bidi	syscall	loopback	ok	within_0.020_of_best_next_lt_0.020	4	duration	2000		20	1	5				5000		4	8
ngtcp2perf	bidi	iouring	loopback	ok	within_0.020_of_best_next_lt_0.020	4	duration	2000		20	1	5				5000		4	4
ngtcp2perf	small_payload_pps	syscall	loopback	ok	within_0.020_of_best_next_lt_0.020	16	duration	2000		20	1	5				5000		16	16
ngtcp2perf	small_payload_pps	iouring	loopback	ok	within_0.020_of_best_next_lt_0.020	16	duration	2000		20	1	5				5000		16	16
ngtcp2perf	loss_recovery	syscall	loopback	ok	within_0.020_of_best_next_lt_0.020	2	duration	5000		20	1	5				5000		2	2
ngtcp2perf	loss_recovery	iouring	loopback	ok	within_0.020_of_best_next_lt_0.020	8	duration	5000		20	1	5				5000		8	8
ngtcp2perf	flow_control	syscall	loopback	ok	within_0.020_of_best_next_lt_0.020	4	duration	2000		20	1	5				5000		4	16
ngtcp2perf	flow_control	iouring	loopback	ok	within_0.020_of_best_next_lt_0.020	8	duration	2000		20	1	5				5000		8	16
ngtcp2perf	resumed_connect	syscall	loopback	ok	within_0.020_of_best_next_lt_0.020	16	work		8	20	1	5			8	5000		16	16
ngtcp2perf	resumed_connect	iouring	loopback	ok	within_0.020_of_best_next_lt_0.020	16	work		8	20	1	5			8	5000		16	16
ngtcp2perf	zero_rtt_reqresp	syscall	loopback	ok	within_0.020_of_best_next_lt_0.020	16	duration	2000		20	1	5				5000		16	16
ngtcp2perf	zero_rtt_reqresp	iouring	loopback	ok	within_0.020_of_best_next_lt_0.020	16	duration	2000		20	1	5				5000		16	16
ngtcp2perf	datagram	syscall	loopback	ok	within_0.020_of_best_next_lt_0.020	4	duration	2000		20	1	5				5000		4	4
ngtcp2perf	datagram	iouring	loopback	ok	within_0.020_of_best_next_lt_0.020	1	duration	2000		20	1	5				5000		1	1
ngtcp2perf	idle_footprint	syscall	loopback	ok	within_0.020_of_best_next_lt_0.020	16	work			20	1	5				5000		16	16
ngtcp2perf	idle_footprint	iouring	loopback	ok	within_0.020_of_best_next_lt_0.020	16	work			20	1	5				5000		16	16
ngtcp2perf	close_reset_cleanup	syscall	loopback	ok	within_0.020_of_best_next_lt_0.020	16	duration	2000		20	1	5				5000		16	16
ngtcp2perf	close_reset_cleanup	iouring	loopback	ok	within_0.020_of_best_next_lt_0.020	16	duration	2000		20	1	5				5000		16	16
